Surrogate code,Study Area,XRF_Setting,Sample_Type,Source_Zone,Source_Specific,Sample_ID,Rb_ppm,Sr_ppm,Y_ppm,Zr_ppm,Nb_ppm,Si_ppm,Ti_ppm,Al_ppm,Fe_ppm,Mn_ppm,Mg_ppm,Ca_ppm,Na_ppm,K_ppm,Bag_Info
Suco2014799,Pouerua,Green filter 40kv 8ma,Artefact,Northland,Kaeo,NAP11_348,678.5,10.1,215.3,2375.7,316.0,,,,,,,,,,N15/5;Area_II;Quad_B;No.312;3_12_84
Suco2014800,Pouerua,Green filter 40kv 8ma,Artefact,Northland,Kaeo,NAP11_349,759.6,7.2,228.3,2559.3,325.2,,,,,,,,,,N15/5;Area_II;Quad_B;No.322;3_12_84
Suco2014801,Pouerua,Green filter 40kv 8ma,Artefact,Mayor Island,Mayor Island,NAP11_350,145.3,8.3,107.8,1198.5,87.2,,,,,,,,,,N15/5;Area_II;Quad_B;No.324;3_12_84
Suco2014802,Pouerua,Green filter 40kv 8ma,Artefact,Northland,Kaeo,NAP11_351,686.5,10.1,223.3,2489.8,327.3,,,,,,,,,,N15/5;Area_II;Quad_B;No.327;3_12_84
Suco2014803,Pouerua,Green filter 40kv 8ma,Artefact,CVZ-N,Huruiki,NAP11_354,133.4,36.7,33.1,150.2,12.9,,,,,,,,,,N15/5;Area_II;Quad_B;No.329;3_12_84
Suco2014804,Pouerua,Green filter 40kv 8ma,Artefact,Northland,Kaeo,NAP11_355,642.4,10.9,203.9,2321.5,306.5,,,,,,,,,,N15/5;Area_II;Quad_B;No.404;4_12_84
Suco2014805,Pouerua,Green filter 40kv 8ma,Artefact,CVZ-N,Huruiki,NAP11_356,149.0,41.3,38.7,160.5,12.2,,,,,,,,,,N15/5;Area_II;Quad_B;No.410;4_12_84
Suco2014806,Pouerua,Green filter 40kv 8ma,Artefact,Northland,Kaeo,NAP11_357,620.9,8.4,197.9,2223.6,315.7,,,,,,,,,,N15/5;Area_II;Quad_B;No.425;4_12_84
Suco2014807,Pouerua,Green filter 40kv 8ma,Artefact,Northland,Kaeo,NAP11_358,620.1,9.1,190.0,2199.0,297.7,,,,,,,,,,N15/5;Area_II;Quad_B;No.430;4_12_84
Suco2014808,Pouerua,Green filter 40kv 8ma,Artefact,CVZ-N,Huruiki,NAP11_359,136.7,34.5,31.5,157.1,11.2,,,,,,,,,,N15/5;Area_II;Quad_B;No.438;4_12_84
Suco2014809,Pouerua,Green filter 40kv 8ma,Artefact,CVZ-N,Huruiki,NAP11_360,149.5,38.2,35.6,169.1,11.8,,,,,,,,,,N15/5;Area_II;Quad_B;No.456;4_12_84
Suco2014810,Pouerua,Green filter 40kv 8ma,Artefact,Northland,Kaeo,NAP11_361,680.4,8.8,215.4,2354.0,318.7,,,,,,,,,,N15/5;Area_II;Quad_B;No.457;4_12_84
Suco2014811,Pouerua,Green filter 40kv 8ma,Artefact,Northland,Kaeo,NAP11_362,756.0,9.4,232.7,2503.4,326.0,,,,,,,,,,N15/5;Area_II;Quad_B;No.461;4_12_84
Suco2014812,Pouerua,Green filter 40kv 8ma,Artefact,Northland,Kaeo,NAP11_363,635.0,11.3,195.7,2233.7,314.9,,,,,,,,,,N15/5;Area_II;Quad_B;No.463;4_12_84
Suco2014813,Pouerua,Green filter 40kv 8ma,Artefact,Northland,Kaeo,NAP11_364,633.3,9.8,195.3,2248.5,312.2,,,,,,,,,,N15/5;Area_II;Quad_B;No.472;4_12_84
Suco2014814,Pouerua,Green filter 40kv 8ma,Artefact,CVZ-N,Huruiki,NAP11_365,135.0,37.4,31.9,161.9,10.1,,,,,,,,,,N15/5;Area_II;Quad_B;No.2;29_11_84
Suco2014815,Pouerua,Green filter 40kv 8ma,Artefact,Northland,Kaeo,NAP11_366,616.1,8.6,191.7,2152.2,300.2,,,,,,,,,,N15/5;Area_II;Quad_B;No.981;13_12_84
Suco2014816,Pouerua,Green filter 40kv 8ma,Artefact,Northland,Kaeo,NAP11_367,633.0,11.3,194.5,2182.5,297.1,,,,,,,,,,N15/5;Area_II;Quad_B;No.837;12_12_84
Suco2014817,Pouerua,Green filter 40kv 8ma,Artefact,CVZ-N,Huruiki,NAP11_368,140.0,40.7,37.5,158.2,13.6,,,,,,,,,,N15/5;Area_II;Quad_B;No.549;4_12_84
Suco2014818,Pouerua,Green filter 40kv 8ma,Artefact,Northland,Kaeo,NAP11_369,661.4,8.6,208.6,2337.2,324.5,,,,,,,,,,N15/5;Area_II;Quad_B;No.1092;17_12_84
Suco2014819,Pouerua,Green filter 40kv 8ma,Artefact,Northland,Kaeo,NAP11_370,617.6,7.6,197.0,2251.7,308.9,,,,,,,,,,N15/5;Area_II;Quad_B;No.1119;17_12_84
Suco2014820,Pouerua,Green filter 40kv 8ma,Artefact,Northland,Kaeo,NAP11_371,660.0,8.1,199.4,2327.2,320.8,,,,,,,,,,N15/5;Area_II;Quad_B;No.1292;20_12_84
Suco2014821,Pouerua,Green filter 40kv 8ma,Artefact,Northland,Kaeo,NAP11_372,633.1,7.6,197.3,2202.2,303.4,,,,,,,,,,N15/5;Area_II;Quad_B;No.1318;20_12_84
Suco2014822,Pouerua,Green filter 40kv 8ma,Artefact,Northland,Kaeo,NAP11_373,617.3,8.1,208.2,2282.0,317.4,,,,,,,,,,N15/5;Area_II;Quad_B;No.1357;8_1_85
Suco2014823,Pouerua,Green filter 40kv 8ma,Artefact,CVZ-N,Huruiki,NAP11_374,140.7,40.0,34.1,161.8,14.0,,,,,,,,,,N15/5;Area_II;Quad_B;No.1315;20_12_84
Suco2014824,Pouerua,Green filter 40kv 8ma,Artefact,Northland,Kaeo,NAP11_375,645.6,5.9,212.4,2299.5,303.9,,,,,,,,,,N15/5;Area_II;Quad_B;No.1316;20_12_84
Suco2014825,Pouerua,Green filter 40kv 8ma,Artefact,Northland,Kaeo,NAP11_376,672.9,8.5,210.9,2298.2,306.5,,,,,,,,,,N15/5;Area_II;Quad_B;No.131;20_12_84
Suco2014826,Pouerua,Green filter 40kv 8ma,Artefact,Northland,Kaeo,NAP11_377,731.3,7.5,217.9,2484.6,334.4,,,,,,,,,,N15/5;Area_II;Quad_B;No.1335;7_1_85
Suco2014827,Pouerua,Green filter 40kv 8ma,Artefact,Northland,Kaeo,NAP11_378,620.9,11.7,199.0,2228.0,298.4,,,,,,,,,,N15/5;Area_II;Quad_D;No.1345;7_1_85
Suco2014828,Pouerua,Green filter 40kv 8ma,Artefact,Northland,Kaeo,NAP11_379,588.7,7.3,191.4,2118.4,289.9,,,,,,,,,,N15/5;Area_II;Quad_B;No.1294;20_12_84
Suco2014829,Pouerua,Green filter 40kv 8ma,Artefact,Northland,Kaeo,NAP11_380,672.5,7.2,219.2,2375.2,338.2,,,,,,,,,,N15/5;Area_II;Quad_B;No.1358;8_1_85
Suco2014830,Pouerua,Green filter 40kv 8ma,Artefact,Northland,Kaeo,NAP11_381,707.0,7.4,220.7,2411.7,330.5,,,,,,,,,,N15/5;Area_II;Quad_B;No.1188;19_12_84
Suco2014831,Pouerua,Green filter 40kv 8ma,Artefact,Northland,Kaeo,NAP11_382,779.3,8.7,228.5,2526.4,331.2,,,,,,,,,,N15/5;Area_II;Quad_B;No.1172;18_12_84
Suco2014832,Pouerua,Green filter 40kv 8ma,Artefact,Northland,Kaeo,NAP11_383,677.0,10.0,224.8,2410.5,315.5,,,,,,,,,,N15/5;Area_II;Quad_B;No.1183;18_12_84
Suco2014833,Pouerua,Green filter 40kv 8ma,Artefact,Northland,Kaeo,NAP11_384,634.7,7.1,192.3,2230.3,312.6,,,,,,,,,,N15/5;Area_II;Quad_B;No.1171;18_12_84
Suco2014834,Pouerua,Green filter 40kv 8ma,Artefact,Northland,Kaeo,NAP11_385,679.1,8.6,215.3,2404.0,316.8,,,,,,,,,,N15/5;Area_II;Quad_B;No.1165;18_12_84
Suco2014835,Pouerua,Green filter 40kv 8ma,Artefact,Northland,Kaeo,NAP11_386,667.1,9.1,204.5,2349.0,313.6,,,,,,,,,,N15/5;Area_II;Quad_B;No.1163;18_12_84
Suco2014836,Pouerua,Green filter 40kv 8ma,Artefact,Northland,Kaeo,NAP11_387,646.8,6.0,203.1,2282.1,306.1,,,,,,,,,,N15/5;Area_II;Quad_B;No.1162;18_12_84
Suco2014837,Pouerua,Green filter 40kv 8ma,Artefact,Northland,Kaeo,NAP11_388,615.0,9.1,181.0,2174.6,286.3,,,,,,,,,,N15/5;Area_II;Quad_B;No.1187;19_12_84
Suco2014838,Pouerua,Green filter 40kv 8ma,Artefact,Northland,Kaeo,NAP11_389,649.7,10.4,196.2,2306.4,323.7,,,,,,,,,,N15/5;Area_II;Quad_B;No.1146;18_12_84
Suco2014839,Pouerua,Green filter 40kv 8ma,Artefact,Northland,Kaeo,NAP11_390,708.8,7.3,223.2,2432.3,326.5,,,,,,,,,,N15/5;Area_II;Quad_B;No.1111;17_12_84
Suco2014840,Pouerua,Green filter 40kv 8ma,Artefact,Northland,Kaeo,NAP11_391,649.0,12.2,213.9,2308.4,312.5,,,,,,,,,,N15/5;Area_II;Quad_D;No.102;30_11_84
Suco2014841,Pouerua,Green filter 40kv 8ma,Artefact,CVZ-N,Huruiki,NAP11_392,138.9,35.1,37.7,172.8,11.7,,,,,,,,,,N15/5;Area_II;Quad_D;No.1351;7_1_85
Suco2014842,Pouerua,Green filter 40kv 8ma,Artefact,Northland,Kaeo,NAP11_393,646.7,6.4,203.7,2296.4,300.5,,,,,,,,,,N15/5;Area_II;Quad_D;No.147;30_11_84
Suco2014843,Pouerua,Green filter 40kv 8ma,Artefact,Northland,Kaeo,NAP11_394,643.6,10.3,208.3,2324.2,313.9,,,,,,,,,,N15/5;Area_II;Quad_D;No.158;30_11_84
Suco2014844,Pouerua,Green filter 40kv 8ma,Artefact,Northland,Kaeo,NAP11_395,653.3,10.6,211.1,2327.4,333.3,,,,,,,,,,N15/5;Area_II;Quad_D;No.1307;20_12_84
Suco2014845,Pouerua,Green filter 40kv 8ma,Artefact,Northland,Kaeo,NAP11_396,673.8,5.9,210.3,2357.9,305.7,,,,,,,,,,N15/5;Area_II;Quad_D;No.1315;20_12_84
Suco2014846,Pouerua,Green filter 40kv 8ma,Artefact,Northland,Kaeo,NAP11_397,654.3,7.8,211.0,2328.6,307.5,,,,,,,,,,N15/5;Area_II;Quad_D;No.1323;20_12_84
Suco2014847,Pouerua,Green filter 40kv 8ma,Artefact,Northland,Kaeo,NAP11_398,647.5,9.0,204.6,2287.1,307.5,,,,,,,,,,N15/5;Area_II;Quad_D;No.1450;16_1_85
Suco2014848,Pouerua,Green filter 40kv 8ma,Artefact,Northland,Kaeo,NAP11_399,600.8,6.9,187.2,2137.3,293.1,,,,,,,,,,N15/5;Area_II;Quad_D;No.1479;23_1_85
Suco2014849,Pouerua,Green filter 40kv 8ma,Artefact,Northland,Kaeo,NAP11_400,560.9,5.4,191.0,2067.4,286.0,,,,,,,,,,N15/5;Area_II;Quad_D;No.1480;23_1_85
Suco2014850,Pouerua,Green filter 40kv 8ma,Artefact,Mayor Island,Mayor Island,NAP11_401,118.2,8.2,98.2,1063.8,81.5,,,,,,,,,,N15/5;Area_II;Quad_D;No.1487;24_1_85
Suco2014851,Pouerua,Green filter 40kv 8ma,Artefact,Northland,Kaeo,NAP11_402,633.3,12.9,207.2,2305.1,307.2,,,,,,,,,,N15/5;Area_II;Quad_C;No.17;14_2_85
Suco2014852,Pouerua,Green filter 40kv 8ma,Artefact,Northland,Kaeo,NAP11_403,637.8,10.0,205.8,2272.9,305.5,,,,,,,,,,N15/5;Area_II;Quad_C;No.7;14_2_85
Suco2014853,Pouerua,Green filter 40kv 8ma,Artefact,Northland,Kaeo,NAP11_405,642.1,10.2,212.1,2361.2,322.7,,,,,,,,,,N15/5;Area_II;Quad_C;No.1467;16_1_85
Suco2014854,Pouerua,Green filter 40kv 8ma,Artefact,Northland,Kaeo,NAP11_406,680.6,7.8,202.5,2404.1,311.0,,,,,,,,,,N15/5;Area_II;Quad_C;No.1422;15_1_85
Suco2014855,Pouerua,Green filter 40kv 8ma,Artefact,CVZ-N,Huruiki,NAP11_407,136.0,39.7,39.5,175.2,11.2,,,,,,,,,,N15/5;Area_II;Quad_C;No.1389;14_1_85
Suco2014856,Pouerua,Green filter 40kv 8ma,Artefact,Northland,Kaeo,NAP11_408,687.9,6.6,208.1,2389.4,328.0,,,,,,,,,,N15/5;Area_II;Quad_C;No.16;14_2_85
Suco2014857,Pouerua,Green filter 40kv 8ma,Artefact,Northland,Kaeo,NAP11_409,659.2,8.2,222.2,2361.7,318.3,,,,,,,,,,N15/5;Area_II;Quad_C;No.8;14_2_85
Suco2014858,Pouerua,Green filter 40kv 8ma,Artefact,CVZ-N,Huruiki,NAP11_410,149.9,43.4,39.7,170.3,12.3,,,,,,,,,,N15/5;Area_II;Quad_C;No.1388;14_1_85
Suco2014859,Pouerua,Green filter 40kv 8ma,Artefact,Northland,Kaeo,NAP11_411,661.4,12.1,221.7,2421.8,331.5,,,,,,,,,,N15/5;(Area_II;Quad_D)?;Trench_II;No.1506;5_2_85
Suco2014860,Pouerua,Green filter 40kv 8ma,Artefact,Northland,Kaeo,NAP11_412,631.9,8.9,201.1,2278.0,301.8,,,,,,,,,,N15/5;(Area_II;Quad_D)?;Trench_II;No.1505;5_2_85
Suco2014861,Pouerua,Green filter 40kv 8ma,Artefact,Northland,Kaeo,NAP11_413,649.0,9.3,195.8,2232.3,290.4,,,,,,,,,,N15/5;(Area_II;Quad_D)?;Trench_II;No.1504;5_2_85
Suco2014862,Pouerua,Green filter 40kv 8ma,Artefact,CVZ-N,Huruiki,NAP11_414,137.2,37.7,36.9,155.6,12.7,,,,,,,,,,N15/5;(Area_II;Quad_D)?;Trench_II;No.1503;5_2_85
Suco2014863,Pouerua,Green filter 40kv 8ma,Artefact,Northland,Kaeo,NAP11_415,653.0,6.0,211.0,2241.3,289.1,,,,,,,,,,N15/5;Area_II;Quad_D;Trench_II;No.1500;4_2_85
Suco2014864,Pouerua,Green filter 40kv 8ma,Artefact,Northland,Kaeo,NAP11_416,588.6,6.7,187.8,2056.5,277.4,,,,,,,,,,N15/5;Area_III;Trench_II;No.127;16_1_85
Suco2014865,Pouerua,Green filter 40kv 8ma,Artefact,Northland,Kaeo,NAP11_417,588.6,7.1,184.6,2063.5,275.4,,,,,,,,,,N15/5;Area_III;Trench_II;No.118;16_1_85
Suco2014866,Pouerua,Green filter 40kv 8ma,Artefact,Northland,Kaeo,NAP11_418,668.4,7.9,201.8,2343.0,304.9,,,,,,,,,,N15/5;Area_III;Trench_I;No.96;16_1_85
Suco2014867,Pouerua,Green filter 40kv 8ma,Artefact,Northland,Kaeo,NAP11_419,638.8,5.9,194.4,2255.4,302.8,,,,,,,,,,N15/5;Area_III;Trench_I;No.92;16_1_85
Suco2014868,Pouerua,Green filter 40kv 8ma,Artefact,Northland,Kaeo,NAP11_420,661.5,6.7,201.9,2310.0,315.0,,,,,,,,,,N15/5;Area_III;Trench_I;No.89;16_1_85
Suco2014869,Pouerua,Green filter 40kv 8ma,Artefact,Northland,Kaeo,NAP11_421,631.4,6.3,198.6,2232.2,292.7,,,,,,,,,,N15/5;Area_III;Trench_II;No.45;15_1_85
Suco2014870,Pouerua,Green filter 40kv 8ma,Artefact,Northland,Kaeo,NAP11_422,621.9,5.3,209.3,2279.3,295.8,,,,,,,,,,N15/5;Area_III;Trench_II;No.44;15_1_85
Suco2014871,Pouerua,Green filter 40kv 8ma,Artefact,Northland,Kaeo,NAP11_423,605.3,5.9,206.8,2201.3,291.9,,,,,,,,,,N15/5;Area_III;Trench_I;No.38;15_1_85
Suco2014872,Pouerua,Green filter 40kv 8ma,Artefact,Northland,Kaeo,NAP11_424,619.0,8.5,212.9,2249.7,308.5,,,,,,,,,,N15/5;Area_III;Trench_I;No.35;15_1_85
Suco2014873,Pouerua,Green filter 40kv 8ma,Artefact,Mayor Island,Mayor Island,NAP11_425,157.6,16.4,97.2,999.8,73.6,,,,,,,,,,N15/5;Area_III;Trench_II;No.28;15_1_85
Suco2014874,Pouerua,Green filter 40kv 8ma,Artefact,Northland,Kaeo,NAP11_426,562.9,6.9,170.9,1922.0,271.3,,,,,,,,,,N15/5;Area_III;Quad_Y;No.7;29_1_85
Suco2014875,Pouerua,Green filter 40kv 8ma,Artefact,Northland,Kaeo,NAP11_427,615.5,11.5,193.3,2238.9,308.0,,,,,,,,,,N15/5;Area_III;Quad_Y;No.54;21_2_85
Suco2014876,Pouerua,Green filter 40kv 8ma,Artefact,Northland,Kaeo,NAP11_428,638.7,7.5,196.3,2252.4,299.7,,,,,,,,,,N15/5;Area_III;Quad_Y;No.6;29_1_85
Suco2014877,Pouerua,Green filter 40kv 8ma,Artefact,Northland,Kaeo,NAP11_429,682.8,7.0,220.4,2404.6,324.2,,,,,,,,,,N15/5;Area_III;Quad_Z;No.161;7_2_85
Suco2014878,Pouerua,Green filter 40kv 8ma,Artefact,Northland,Kaeo,NAP11_430,639.2,13.6,201.0,2353.1,307.3,,,,,,,,,,N15/5;Area_III;Quad_Z;No.172;11_2_85
Suco2014879,Pouerua,Green filter 40kv 8ma,Artefact,Mayor Island,Mayor Island,NAP11_431,156.6,11.6,102.0,1117.8,81.7,,,,,,,,,,N15/5;Area_III;Quad_Z;No.170;11_2_85
Suco2014880,Pouerua,Green filter 40kv 8ma,Artefact,Northland,Kaeo,NAP11_432,658.9,7.7,209.1,2370.7,325.5,,,,,,,,,,N15/5;Area_III;Quad_Z;No.105;30_1_85
Suco2014881,Pouerua,Green filter 40kv 8ma,Artefact,CVZ-N,Huruiki,NAP11_433,142.6,39.7,35.7,153.6,10.9,,,,,,,,,,N15/5;Area_III;Quad_Z;No.69;23_1_85
Suco2014882,Pouerua,Green filter 40kv 8ma,Artefact,Northland,Kaeo,NAP11_434,648.0,9.5,198.9,2292.6,307.9,,,,,,,,,,"N15/5;Marae_house;Quad_A;No.539;4_2_85;(card_in_bag;""Utilized_obsidian_Site_5_Area_4"")"
Suco2014883,Pouerua,Green filter 40kv 8ma,Artefact,Northland,Kaeo,NAP11_436,649.1,9.1,207.2,2297.1,318.4,,,,,,,,,,N15/5;Marae_house;Quad_A;No.534
Suco2014884,Pouerua,Green filter 40kv 8ma,Artefact,Northland,Kaeo,NAP11_437,626.4,8.2,198.9,2276.8,301.4,,,,,,,,,,N15/5;Marae_house;Quad_A;No.532;_2_85
Suco2014885,Pouerua,Green filter 40kv 8ma,Artefact,Northland,Kaeo,NAP11_438,670.4,8.0,190.3,2272.0,309.7,,,,,,,,,,N15/5;Marae_house;Quad_A;No.538;_2_85
Suco2014886,Pouerua,Green filter 40kv 8ma,Artefact,Northland,Kaeo,NAP11_439,667.1,7.3,210.3,2377.6,332.2,,,,,,,,,,N15/5;Marae_house;Quad_A;No.545;4_2_85
Suco2014887,Pouerua,Green filter 40kv 8ma,Artefact,Northland,Kaeo,NAP11_440,602.7,7.4,190.2,2182.8,301.6,,,,,,,,,,N15/5;Marae_house;Quad_A;No.622;_2_85
Suco2014888,Pouerua,Green filter 40kv 8ma,Artefact,Northland,Kaeo,NAP11_441,633.7,8.1,199.8,2333.1,313.5,,,,,,,,,,N15/5;Marae_house;Quad_A;No.665;5_2_85
Suco2014889,Pouerua,Green filter 40kv 8ma,Artefact,Northland,Kaeo,NAP11_442,652.4,8.2,207.2,2307.3,306.7,,,,,,,,,,N15/5;Marae_house;Quad_A;No.703;7_2_85
Suco2014890,Pouerua,Green filter 40kv 8ma,Artefact,CVZ-N,Huruiki,NAP11_443,134.6,35.0,39.0,159.2,10.7,,,,,,,,,,N15/5;Marae_house;Quad_A;No.595;5_2_85
Suco2014891,Pouerua,Green filter 40kv 8ma,Artefact,Northland,Kaeo,NAP11_444,606.1,8.4,192.6,2198.1,305.2,,,,,,,,,,N15/5;Marae_house;Quad_A;No.535;_2_85
Suco2014892,Pouerua,Green filter 40kv 8ma,Artefact,Northland,Kaeo,NAP11_445,600.3,8.9,195.2,2215.6,301.0,,,,,,,,,,N15/5;Marae_house;Quad_A;No.705;7_2_85
Suco2014893,Pouerua,Green filter 40kv 8ma,Artefact,Northland,Kaeo,NAP11_446,663.4,10.0,210.1,2269.0,316.2,,,,,,,,,,N15/5;Marae_house;Quad_A;No.504;4_2_85
Suco2014894,Pouerua,Green filter 40kv 8ma,Artefact,Northland,Kaeo,NAP11_447,656.9,8.1,204.3,2282.6,317.7,,,,,,,,,,N15/5;Marae_house;Quad_A;No.516;4_2_85
Suco2014895,Pouerua,Green filter 40kv 8ma,Artefact,Northland,Kaeo,NAP11_448,610.2,8.5,199.5,2188.4,291.7,,,,,,,,,,N15/5;Marae_house;Quad_A;No.691;7_2_85
Suco2014896,Pouerua,Green filter 40kv 8ma,Artefact,Northland,Kaeo,NAP11_449,676.7,8.0,204.2,2360.1,310.1,,,,,,,,,,N15/5;Marae_house;Quad_A;No.689;7_2_85
Suco2014897,Pouerua,Green filter 40kv 8ma,Artefact,Northland,Kaeo,NAP11_450,656.4,7.7,199.3,2324.1,313.2,,,,,,,,,,N15/5;Marae_house;Quad_A;No.669;5_2_85
Suco2014898,Pouerua,Green filter 40kv 8ma,Artefact,Northland,Kaeo,NAP11_451,647.3,10.3,203.5,2316.0,299.0,,,,,,,,,,N15/5;Marae_house;Quad_A;No.663;5_2_85
Suco2014899,Pouerua,Green filter 40kv 8ma,Artefact,Northland,Kaeo,NAP11_452,672.4,8.6,213.4,2328.8,307.4,,,,,,,,,,N15/5;Marae_house;Quad_A;No.651;5_2_85
Suco2014900,Pouerua,Green filter 40kv 8ma,Artefact,CVZ-N,Huruiki,NAP11_453,139.5,36.7,39.3,166.8,9.8,,,,,,,,,,N15/5;Marae_house;Quad_A;No.547;4_2_85
Suco2014901,Pouerua,Green filter 40kv 8ma,Artefact,Northland,Kaeo,NAP11_454,640.9,11.9,192.9,2195.7,291.5,,,,,,,,,,N15/5;Marae_house;Quad_A;No.517;4_2_85
Suco2014902,Pouerua,Green filter 40kv 8ma,Artefact,Northland,Kaeo,NAP11_455,707.6,12.3,209.9,2433.7,323.5,,,,,,,,,,N15/5;Marae_house;Quad_A;No.666;5_2_85
Suco2014903,Pouerua,Green filter 40kv 8ma,Artefact,Northland,Kaeo,NAP11_456,618.6,8.1,174.7,2230.5,295.8,,,,,,,,,,N15/5;Marae_house;Quad_A;No.661;5_2_85
Suco2014904,Pouerua,Green filter 40kv 8ma,Artefact,Northland,Kaeo,NAP11_457,658.2,8.0,217.1,2440.5,322.5,,,,,,,,,,N15/5;Marae_house;Quad_A;No.645;_2_85
Suco2014905,Pouerua,Green filter 40kv 8ma,Artefact,Northland,Kaeo,NAP11_458,568.4,9.2,179.5,2014.9,278.2,,,,,,,,,,N15/5;Marae_house;Quad_A;No.637a;6_2_85
Suco2014906,Pouerua,Green filter 40kv 8ma,Artefact,Northland,Kaeo,NAP11_459,680.5,7.8,199.5,2371.6,322.5,,,,,,,,,,N15/5;Marae_house;Quad_A;No.631;5_2_85
Suco2014907,Pouerua,Green filter 40kv 8ma,Artefact,Northland,Kaeo,NAP11_460,661.3,8.6,221.4,2337.3,319.3,,,,,,,,,,N15/5;Marae_house;Quad_A;No.624;5_2_85
Suco2014908,Pouerua,Green filter 40kv 8ma,Artefact,Northland,Kaeo,NAP11_461,637.8,11.1,211.1,2368.3,320.5,,,,,,,,,,N15/5;Marae_house;Quad_A;No.602;5_2_85
Suco2014909,Pouerua,Green filter 40kv 8ma,Artefact,Northland,Kaeo,NAP11_462,614.5,5.7,196.4,2215.9,314.1,,,,,,,,,,N15/5;Marae_house;Quad_A;No.599;5_2_85
Suco2014910,Pouerua,Green filter 40kv 8ma,Artefact,CVZ-N,Huruiki,NAP11_463,134.6,35.0,32.6,158.2,12.1,,,,,,,,,,N15/5;Marae_house;Quad_A;No.598;4_2_85
Suco2014911,Pouerua,Green filter 40kv 8ma,Artefact,Northland,Kaeo,NAP11_464,675.4,7.9,219.6,2385.1,323.2,,,,,,,,,,N15/5;Marae_house;Quad_A;No.573;_2_85
Suco2014912,Pouerua,Green filter 40kv 8ma,Artefact,Northland,Kaeo,NAP11_465,587.1,9.7,183.8,2079.7,279.8,,,,,,,,,,N15/5;Marae_house;Quad_A;No.569;_2_85
Suco2014913,Pouerua,Green filter 40kv 8ma,Artefact,Northland,Kaeo,NAP11_466,652.6,8.3,200.4,2357.7,316.2,,,,,,,,,,N15/5;Marae_house;Quad_A;No.570;_2_85
Suco2014914,Pouerua,Green filter 40kv 8ma,Artefact,Northland,Kaeo,NAP11_467,592.0,6.5,187.0,2108.6,289.0,,,,,,,,,,N15/5;Marae_house;Quad_A;No.566;4_2_85
Suco2014915,Pouerua,Green filter 40kv 8ma,Artefact,Northland,Kaeo,NAP11_468,609.4,5.6,199.1,2243.1,293.7,,,,,,,,,,N15/5;Marae_house;Quad_A;No.555;5_2_85
Suco2014916,Pouerua,Green filter 40kv 8ma,Artefact,CVZ-N,Huruiki,NAP11_469,130.2,35.8,35.3,157.8,10.2,,,,,,,,,,N15/5;Marae_house;Quad_A;No.551;4_2_85
Suco2014917,Pouerua,Green filter 40kv 8ma,Artefact,Northland,Kaeo,NAP11_470,656.0,7.0,212.5,2351.4,315.0,,,,,,,,,,N15/5;Marae_house;Quad_A;No.533;_2_85
Suco2014918,Pouerua,Green filter 40kv 8ma,Artefact,Northland,Kaeo,NAP11_471,675.6,7.8,209.0,2379.0,314.1,,,,,,,,,,N15/5;Marae_house;Quad_B;No.1288;13_2_85
Suco2014919,Pouerua,Green filter 40kv 8ma,Artefact,CVZ-N,Huruiki,NAP11_472,122.1,31.6,30.3,180.8,10.0,,,,,,,,,,N15/5;Marae_house;Quad_B;No.1246;12_2_85
Suco2014920,Pouerua,Green filter 40kv 8ma,Artefact,Northland,Kaeo,NAP11_473,595.2,9.2,181.4,2041.9,296.9,,,,,,,,,,N15/5;Marae_house;Quad_B;No.1234;12_2_85
Suco2014921,Pouerua,Green filter 40kv 8ma,Artefact,Northland,Kaeo,NAP11_474,629.0,6.7,209.0,2272.2,313.0,,,,,,,,,,N15/5;Marae_house;Quad_B;No.1218;12_2_85
Suco2014922,Pouerua,Green filter 40kv 8ma,Artefact,Northland,Kaeo,NAP11_475,681.3,8.1,205.8,2325.8,306.1,,,,,,,,,,N15/5;Marae_house;Quad_B;No.1217;12_2_85
Suco2014923,Pouerua,Green filter 40kv 8ma,Artefact,Northland,Kaeo,NAP11_476,649.9,7.1,227.1,2352.8,309.8,,,,,,,,,,N15/5;Marae_house;Quad_B;No.1216;12_2_85
Suco2014924,Pouerua,Green filter 40kv 8ma,Artefact,Northland,Kaeo,NAP11_477,731.1,10.0,223.0,2520.9,323.8,,,,,,,,,,N15/5;Marae_house;Quad_B;No.1210;12_2_85
Suco2014925,Pouerua,Green filter 40kv 8ma,Artefact,Northland,Kaeo,NAP11_478,681.2,8.8,221.6,2370.5,340.0,,,,,,,,,,N15/5;Marae_house;Quad_B;No.1200;12_2_85
Suco2014926,Pouerua,Green filter 40kv 8ma,Artefact,Northland,Kaeo,NAP11_479,708.9,9.5,214.9,2481.6,335.2,,,,,,,,,,N15/5;Marae_house;Quad_B;No.1164;12_2_85
Suco2014927,Pouerua,Green filter 40kv 8ma,Artefact,Northland,Kaeo,NAP11_480,638.7,6.8,204.1,2254.9,305.3,,,,,,,,,,N15/5;Marae_house;Quad_B;No.1170;12_2_85
Suco2014928,Pouerua,Green filter 40kv 8ma,Artefact,Northland,Kaeo,NAP11_481,644.1,8.4,206.2,2342.6,310.7,,,,,,,,,,N15/5;Marae_house;Quad_B;No.1169;12_2_85
Suco2014929,Pouerua,Green filter 40kv 8ma,Artefact,Northland,Kaeo,NAP11_482,596.6,8.2,199.1,2238.2,304.7,,,,,,,,,,N15/5;Marae_house;Quad_B;No.1168;12_2_85
Suco2014930,Pouerua,Green filter 40kv 8ma,Artefact,Northland,Kaeo,NAP11_483,655.5,7.2,200.2,2281.4,312.0,,,,,,,,,,N15/5;Marae_house;Quad_B;No.1155;12_2_85
Suco2014931,Pouerua,Green filter 40kv 8ma,Artefact,Northland,Kaeo,NAP11_484,683.1,7.1,210.4,2440.2,323.5,,,,,,,,,,N15/5;Marae_house;Quad_B;No.1130;12_2_85
Suco2014932,Pouerua,Green filter 40kv 8ma,Artefact,Northland,Kaeo,NAP11_485,691.1,8.5,215.1,2398.5,314.8,,,,,,,,,,N15/5;Marae_house;Quad_B;No.1121;11_2_85
Suco2014933,Pouerua,Green filter 40kv 8ma,Artefact,Northland,Kaeo,NAP11_486,640.9,7.0,197.3,2287.3,306.2,,,,,,,,,,N15/5;Marae_house;Quad_B;No.1106;11_2_85
Suco2014934,Pouerua,Green filter 40kv 8ma,Artefact,CVZ-N,Huruiki,NAP11_487,139.3,34.0,37.8,172.8,11.2,,,,,,,,,,N15/5;Marae_house;Quad_B;No.1101;11_2_85
Suco2014935,Pouerua,Green filter 40kv 8ma,Artefact,Northland,Kaeo,NAP11_488,668.2,8.0,210.2,2446.0,319.6,,,,,,,,,,N15/5;Marae_house;Quad_B;No.1076;11_2_85
Suco2014936,Pouerua,Green filter 40kv 8ma,Artefact,CVZ-N,Huruiki,NAP11_489,140.8,35.4,38.1,174.6,13.4,,,,,,,,,,N15/5;Marae_house;Quad_B;No.1075;11_2_85
Suco2014937,Pouerua,Green filter 40kv 8ma,Artefact,Northland,Kaeo,NAP11_490,648.3,9.6,209.3,2305.7,313.6,,,,,,,,,,N15/5;Marae_house;Quad_B;No.1059;11_2_85
Suco2014938,Pouerua,Green filter 40kv 8ma,Artefact,Northland,Kaeo,NAP11_491,670.3,8.5,215.0,2424.8,323.9,,,,,,,,,,N15/5;Marae_house;Quad_B;No.1057;11_2_85
Suco2014939,Pouerua,Green filter 40kv 8ma,Artefact,CVZ-N,Huruiki,NAP11_492,161.5,42.6,35.8,177.2,11.1,,,,,,,,,,N15/5;Marae_house;Quad_B;No.1055;11_2_85
Suco2014940,Pouerua,Green filter 40kv 8ma,Artefact,CVZ-N,Huruiki,NAP11_493,152.8,39.9,34.3,167.0,12.5,,,,,,,,,,N15/5;Marae_house;Quad_B;No.1054;11_2_85
Suco2014941,Pouerua,Green filter 40kv 8ma,Artefact,Northland,Kaeo,NAP11_494,668.8,9.0,217.4,2445.4,340.1,,,,,,,,,,N15/5;Marae_house;Quad_B;No.1035
Suco2014942,Pouerua,Green filter 40kv 8ma,Artefact,Northland,Kaeo,NAP11_495,649.4,9.9,198.0,2327.0,329.4,,,,,,,,,,N15/5;Marae_house;Quad_B;No.950
Suco2014943,Pouerua,Green filter 40kv 8ma,Artefact,Northland,Kaeo,NAP11_496,662.7,8.3,214.2,2433.7,325.0,,,,,,,,,,N15/5;Marae_house;Quad_B;No.1010
Suco2014944,Pouerua,Green filter 40kv 8ma,Artefact,Northland,Kaeo,NAP11_497,684.2,10.4,213.6,2361.2,327.8,,,,,,,,,,N15/5;Marae_house;Quad_B;No.998
Suco2014945,Pouerua,Green filter 40kv 8ma,Artefact,Northland,Kaeo,NAP11_498,624.5,7.5,198.7,2302.7,312.6,,,,,,,,,,N15/5;Marae_house;Quad_B;No.993
Suco2014946,Pouerua,Green filter 40kv 8ma,Artefact,Northland,Kaeo,NAP11_499,730.8,9.1,223.2,2416.6,323.8,,,,,,,,,,N15/5;Marae_house;Quad_B;No.1001
Suco2014947,Pouerua,Green filter 40kv 8ma,Artefact,Northland,Kaeo,NAP11_500,722.3,6.4,219.1,2377.3,316.7,,,,,,,,,,N15/5;Marae_house;Quad_B;No.1007
Suco2014948,Pouerua,Green filter 40kv 8ma,Artefact,Northland,Kaeo,NAP11_501,671.2,9.8,207.9,2305.6,305.2,,,,,,,,,,N15/5;Marae_house;Quad_B;No.1000
Suco2014949,Pouerua,Green filter 40kv 8ma,Artefact,Northland,Kaeo,NAP11_502,613.1,7.7,199.5,2256.6,300.0,,,,,,,,,,N15/5;Marae_house;Quad_B;No.896_(Probably_986_R.B.)
Suco2014950,Pouerua,Green filter 40kv 8ma,Artefact,Northland,Kaeo,NAP11_503,642.9,10.9,201.1,2301.0,307.1,,,,,,,,,,N15/5;Marae_house;Quad_B;No.984
Suco2014951,Pouerua,Green filter 40kv 8ma,Artefact,Northland,Kaeo,NAP11_504,656.5,7.6,206.5,2385.3,317.9,,,,,,,,,,N15/5;Marae_house;Quad_B;No.975
Suco2014952,Pouerua,Green filter 40kv 8ma,Artefact,Northland,Kaeo,NAP11_505,678.5,8.0,217.2,2369.7,321.3,,,,,,,,,,N15/5;Marae_house;Quad_B;No.1029
Suco2014953,Pouerua,Green filter 40kv 8ma,Artefact,Northland,Kaeo,NAP11_506,656.3,7.7,201.4,2357.8,319.5,,,,,,,,,,N15/5;Marae_house;Quad_B;No.1014
Suco2014954,Pouerua,Green filter 40kv 8ma,Artefact,Northland,Kaeo,NAP11_507,655.0,8.0,202.2,2306.7,303.1,,,,,,,,,,N15/5;Marae_house;Quad_B;No.1009;11_2_85
Suco2014955,Pouerua,Green filter 40kv 8ma,Artefact,Northland,Kaeo,NAP11_508,618.9,7.9,200.0,2183.9,303.3,,,,,,,,,,N15/5;Marae_house;Quad_B;No.1003;11_2_85
Suco2014956,Pouerua,Green filter 40kv 8ma,Artefact,Northland,Kaeo,NAP11_509,766.1,8.0,250.0,2511.1,327.8,,,,,,,,,,N15/5;Marae_house;Quad_B;No.1004;11_2_85
Suco2014957,Pouerua,Green filter 40kv 8ma,Artefact,Northland,Kaeo,NAP11_510,654.9,9.5,212.2,2341.6,314.2,,,,,,,,,,N15/5;Marae_house;Quad_B;No.997;11_2_85
Suco2014958,Pouerua,Green filter 40kv 8ma,Artefact,Northland,Kaeo,NAP11_511,623.9,9.1,207.9,2286.6,297.4,,,,,,,,,,N15/5;Marae_house;Quad_B;No.1002;11_2_85
Suco2014959,Pouerua,Green filter 40kv 8ma,Artefact,Northland,Kaeo,NAP11_512,690.6,10.7,219.3,2425.5,325.0,,,,,,,,,,N15/5;Marae_house;Quad_B;No.1012;11_2_85
Suco2014960,Pouerua,Green filter 40kv 8ma,Artefact,Northland,Kaeo,NAP11_513,688.9,9.5,224.8,2401.9,336.0,,,,,,,,,,N15/5;Marae_house;Quad_B;No.1013;11_2_85
Suco2014961,Pouerua,Green filter 40kv 8ma,Artefact,Northland,Kaeo,NAP11_514,652.0,9.5,207.3,2274.3,304.8,,,,,,,,,,N15/5;Marae_house;Quad_B;No.1015;11_2_85
Suco2014962,Pouerua,Green filter 40kv 8ma,Artefact,Northland,Kaeo,NAP11_515,604.6,7.3,206.4,2244.4,303.1,,,,,,,,,,N15/5;Marae_house;Quad_B;No.1018;11_2_85
Suco2014963,Pouerua,Green filter 40kv 8ma,Artefact,Northland,Kaeo,NAP11_516,648.1,8.1,195.6,2076.6,270.0,,,,,,,,,,N15/5;Marae_house;Quad_B;No.1017;11_2_85
Suco2014964,Pouerua,Green filter 40kv 8ma,Artefact,Northland,Kaeo,NAP11_517,695.5,8.1,225.9,2448.7,325.5,,,,,,,,,,N15/5;Marae_house;Quad_B;No.1016;11_2_85
Suco2014965,Pouerua,Green filter 40kv 8ma,Artefact,Northland,Kaeo,NAP11_518,655.4,8.0,198.6,2310.7,309.2,,,,,,,,,,N15/5;Marae_house;Quad_B;No.1019;11_2_85
Suco2014966,Pouerua,Green filter 40kv 8ma,Artefact,Northland,Kaeo,NAP11_519,648.6,8.7,206.2,2354.9,323.6,,,,,,,,,,N15/5;Marae_house;Quad_B;No.994;11_2_85
Suco2014967,Pouerua,Green filter 40kv 8ma,Artefact,Northland,Kaeo,NAP11_521,589.9,6.4,188.9,2136.4,295.8,,,,,,,,,,N15/5;Marae_house;Quad_A;No.441;4_2_85
Suco2014968,Pouerua,Green filter 40kv 8ma,Artefact,Northland,Kaeo,NAP11_522,665.6,6.9,202.7,2317.4,319.2,,,,,,,,,,N15/5;Marae_house;Quad_A;No.477;4_2_85
Suco2014969,Pouerua,Green filter 40kv 8ma,Artefact,Northland,Kaeo,NAP11_523,671.9,6.0,220.6,2364.5,329.4,,,,,,,,,,N15/5;Marae_house;Quad_A;No.343;4_2_85
Suco2014970,Pouerua,Green filter 40kv 8ma,Artefact,Northland,Kaeo,NAP11_524,570.7,7.6,186.4,2142.6,302.2,,,,,,,,,,N15/5;Marae_house;Quad_A;No.484;4_2_85
Suco2014971,Pouerua,Green filter 40kv 8ma,Artefact,CVZ-N,Huruiki,NAP11_525,124.8,34.3,34.7,155.2,9.7,,,,,,,,,,N15/5;Marae_house;Quad_A;No.494;4_2_85
Suco2014972,Pouerua,Green filter 40kv 8ma,Artefact,Northland,Kaeo,NAP11_526,627.9,6.4,203.9,2334.4,302.8,,,,,,,,,,N15/5;Marae_house;Quad_A;No.323;1_2_85
Suco2014973,Pouerua,Green filter 40kv 8ma,Artefact,Northland,Kaeo,NAP11_527,617.5,5.5,210.6,2201.5,305.8,,,,,,,,,,N15/5;Marae_house;Quad_A;No.153;1_2_85
Suco2014974,Pouerua,Green filter 40kv 8ma,Artefact,Northland,Kaeo,NAP11_528,649.5,8.0,206.1,2335.6,317.6,,,,,,,,,,N15/5;Marae_house;Quad_A;No.173;1_2_85
Suco2014975,Pouerua,Green filter 40kv 8ma,Artefact,Northland,Kaeo,NAP11_529,684.2,9.7,209.4,2381.9,316.9,,,,,,,,,,N15/5;Marae_house;Quad_A;No.175;1_2_85
Suco2014976,Pouerua,Green filter 40kv 8ma,Artefact,Northland,Kaeo,NAP11_530,632.5,8.3,201.6,2228.8,292.1,,,,,,,,,,N15/5;Marae_house;Quad_A;No.329;1_2_85
Suco2014977,Pouerua,Green filter 40kv 8ma,Artefact,Northland,Kaeo,NAP11_531,714.1,6.7,221.4,2360.3,319.1,,,,,,,,,,N15/5;Marae_house;Quad_A;No.192;1_2_85
Suco2014978,Pouerua,Green filter 40kv 8ma,Artefact,Northland,Kaeo,NAP11_532,668.0,9.7,220.0,2498.3,331.2,,,,,,,,,,N15/5;Marae_house;Quad_A;No.328;1_2_85
Suco2014979,Pouerua,Green filter 40kv 8ma,Artefact,Northland,Kaeo,NAP11_533,633.5,8.0,207.9,2271.4,307.1,,,,,,,,,,N15/5;Marae_house;Quad_A;No.327;1_2_85
Suco2014980,Pouerua,Green filter 40kv 8ma,Artefact,Northland,Kaeo,NAP11_534,651.5,6.9,210.4,2332.9,320.9,,,,,,,,,,N15/5;Marae_house;Quad_A;No.326;1_2_85
Suco2014981,Pouerua,Green filter 40kv 8ma,Artefact,Northland,Kaeo,NAP11_535,649.0,7.0,202.6,2270.1,301.7,,,,,,,,,,N15/5;Marae_house;Quad_A;No.325;1_2_85
Suco2014982,Pouerua,Green filter 40kv 8ma,Artefact,Northland,Kaeo,NAP11_536,618.1,7.4,207.0,2293.3,320.4,,,,,,,,,,N15/5;Marae_house;Quad_A;No.300;1_2_85
Suco2014983,Pouerua,Green filter 40kv 8ma,Artefact,Northland,Kaeo,NAP11_537,652.3,11.4,205.4,2318.6,298.7,,,,,,,,,,N15/5;Marae_house;Quad_A;No.81;30_1_85
Suco2014984,Pouerua,Green filter 40kv 8ma,Artefact,Northland,Kaeo,NAP11_538,639.5,8.6,221.7,2317.2,312.4,,,,,,,,,,N15/5;Marae_house;Quad_A;No.86;30_1_85
Suco2014985,Pouerua,Green filter 40kv 8ma,Artefact,Northland,Kaeo,NAP11_539,674.0,8.7,208.2,2450.9,334.4,,,,,,,,,,N15/5;Marae_house;Quad_A;No.76;30_1_85
Suco2014986,Pouerua,Green filter 40kv 8ma,Artefact,Northland,Kaeo,NAP11_540,594.2,9.8,177.5,2140.8,289.5,,,,,,,,,,N15/5;Marae_house;Quad_A;No.75;30_1_85
Suco2014987,Pouerua,Green filter 40kv 8ma,Artefact,Northland,Kaeo,NAP11_541,677.6,11.3,197.1,2240.2,302.9,,,,,,,,,,N15/5;Marae_house;Quad_A;No.65;30_1_85
Suco2014988,Pouerua,Green filter 40kv 8ma,Artefact,Northland,Kaeo,NAP11_543,592.6,9.6,195.0,2134.1,289.5,,,,,,,,,,N15/5;Marae_house;Quad_A;No.62;30_1_85
Suco2014989,Pouerua,Green filter 40kv 8ma,Artefact,Northland,Kaeo,NAP11_544,648.0,8.3,207.1,2373.5,331.4,,,,,,,,,,N15/5;Marae_house;Quad_A;No.48;30_1_85
Suco2014990,Pouerua,Green filter 40kv 8ma,Artefact,Northland,Kaeo,NAP11_545,640.3,6.3,207.7,2268.8,297.9,,,,,,,,,,N15/5;Marae_house;Quad_A;No.35;30_1_85
Suco2014991,Pouerua,Green filter 40kv 8ma,Artefact,Northland,Kaeo,NAP11_546,651.7,10.3,200.5,2359.3,307.3,,,,,,,,,,N15/5;Marae_house;Quad_A;No.19;30_1_85
Suco2014992,Pouerua,Green filter 40kv 8ma,Artefact,Northland,Kaeo,NAP11_547,647.8,11.0,208.3,2337.8,304.9,,,,,,,,,,N15/5;Marae_house;Quad_B;No.910;11_2_85
Suco2014993,Pouerua,Green filter 40kv 8ma,Artefact,Northland,Kaeo,NAP11_548,662.7,9.6,214.8,2383.4,320.5,,,,,,,,,,N15/5;Marae_house;Quad_B;No.903;11_2_85
Suco2014994,Pouerua,Green filter 40kv 8ma,Artefact,Northland,Kaeo,NAP11_549,648.2,6.2,211.7,2396.2,321.0,,,,,,,,,,N15/5;Marae_house;Quad_B;No.922;11_2_85
Suco2014995,Pouerua,Green filter 40kv 8ma,Artefact,Northland,Kaeo,NAP11_550,658.7,5.7,203.9,2304.3,312.3,,,,,,,,,,N15/5;Marae_house;Quad_B;No.915;11_2_85
Suco2014996,Pouerua,Green filter 40kv 8ma,Artefact,Northland,Kaeo,NAP11_551,665.4,9.5,215.7,2372.4,330.4,,,,,,,,,,N15/5;Marae_house;Quad_B;No.914;11_2_85
Suco2014997,Pouerua,Green filter 40kv 8ma,Artefact,CVZ-N,Huruiki,NAP11_552,140.1,43.3,35.8,157.8,10.6,,,,,,,,,,N15/5;Marae_house;Quad_B;No.779;11_2_85
Suco2014998,Pouerua,Green filter 40kv 8ma,Artefact,Northland,Kaeo,NAP11_553,579.0,8.3,183.9,2128.7,292.0,,,,,,,,,,N15/5;Marae_house;Quad_B;No.755;11_2_85
Suco2014999,Pouerua,Green filter 40kv 8ma,Artefact,Northland,Kaeo,NAP11_554,690.3,6.3,227.3,2404.1,328.6,,,,,,,,,,N15/5;Marae_house;Quad_B;No.756;11_2_85
Suco20141000,Pouerua,Green filter 40kv 8ma,Artefact,Northland,Kaeo,NAP11_555,598.1,10.7,194.5,2217.5,294.7,,,,,,,,,,N15/5;Marae_house;Quad_B;No.761;11_2_85
Suco20141001,Pouerua,Green filter 40kv 8ma,Artefact,Northland,Kaeo,NAP11_556,601.3,7.2,201.0,2217.1,291.9,,,,,,,,,,N15/5;Marae_house;Quad_B;No.784;11_2_85
Suco20141002,Pouerua,Green filter 40kv 8ma,Artefact,Northland,Kaeo,NAP11_557,611.8,7.4,194.4,2240.9,299.4,,,,,,,,,,N15/5;Marae_house;Quad_B;No.781;11_2_85
Suco20141003,Pouerua,Green filter 40kv 8ma,Artefact,Northland,Kaeo,NAP11_558,665.0,8.4,216.3,2384.9,324.7,,,,,,,,,,N15/5;Marae_house;Quad_B;No.791;11_2_85
Suco20141004,Pouerua,Green filter 40kv 8ma,Artefact,Northland,Kaeo,NAP11_559,619.2,5.5,204.4,2284.9,296.5,,,,,,,,,,N15/5;Marae_house;Quad_B;No.794;11_2_85
Suco20141005,Pouerua,Green filter 40kv 8ma,Artefact,Northland,Kaeo,NAP11_560,651.2,8.0,200.1,2251.7,309.1,,,,,,,,,,N15/5;Marae_house;Quad_B;No.795;11_2_85
Suco20141006,Pouerua,Green filter 40kv 8ma,Artefact,Northland,Kaeo,NAP11_561,637.5,8.0,205.4,2308.6,314.1,,,,,,,,,,N15/5;Marae_house;Quad_B;No.806;11_2_85
Suco20141007,Pouerua,Green filter 40kv 8ma,Artefact,Northland,Kaeo,NAP11_562,627.5,7.0,198.5,2263.9,303.3,,,,,,,,,,N15/5;Marae_house;Quad_B;No.810;11_2_85
Suco20141008,Pouerua,Green filter 40kv 8ma,Artefact,Northland,Kaeo,NAP11_563,621.4,9.0,199.9,2207.3,290.5,,,,,,,,,,N15/5;Marae_house;Quad_B;No.822;11_2_85
Suco20141009,Pouerua,Green filter 40kv 8ma,Artefact,Northland,Kaeo,NAP11_564,619.5,9.1,189.9,2243.5,304.5,,,,,,,,,,N15/5;Marae_house;Quad_B;No.828;11_2_85
Suco20141010,Pouerua,Green filter 40kv 8ma,Artefact,Northland,Kaeo,NAP11_565,677.9,10.9,218.0,2407.0,326.7,,,,,,,,,,N15/5;Marae_house;Quad_B;No.830;11_2_85
Suco20141011,Pouerua,Green filter 40kv 8ma,Artefact,Northland,Kaeo,NAP11_566,652.1,6.2,223.2,2395.1,313.0,,,,,,,,,,N15/5;Marae_house;Quad_B;No.831;11_2_85
Suco20141012,Pouerua,Green filter 40kv 8ma,Artefact,Northland,Kaeo,NAP11_567,652.3,7.1,209.1,2332.5,310.9,,,,,,,,,,N15/5;Marae_house;Quad_B;No.857;11_2_85
Suco20141013,Pouerua,Green filter 40kv 8ma,Artefact,Northland,Kaeo,NAP11_568,630.4,9.3,201.8,2327.3,311.6,,,,,,,,,,N15/5;Marae_house;Quad_B;No.867;11_2_85
Suco20141014,Pouerua,Green filter 40kv 8ma,Artefact,Northland,Kaeo,NAP11_569,702.5,9.2,220.9,2500.7,326.6,,,,,,,,,,N15/5;Marae_house;Quad_B;No.894;11_2_85
Suco20141015,Pouerua,Green filter 40kv 8ma,Artefact,Northland,Kaeo,NAP11_570,659.9,8.6,203.1,2371.4,334.7,,,,,,,,,,N15/5;Marae_house;Quad_B;No.895;11_2_85
Suco20141016,Pouerua,Green filter 40kv 8ma,Artefact,Northland,Kaeo,NAP11_571,627.5,9.0,199.4,2336.4,319.2,,,,,,,,,,N15/505;Area_4;No.203
Suco20141017,Pouerua,Green filter 40kv 8ma,Artefact,Northland,Kaeo,NAP11_572,603.7,8.6,204.8,2244.5,317.5,,,,,,,,,,N15/505(NOK?);Area_4;No.230_B
Suco20141018,Pouerua,Green filter 40kv 8ma,Artefact,Northland,Kaeo,NAP11_573,624.4,8.0,192.7,2230.0,296.1,,,,,,,,,,N15/505;Area_4;No.230_A
Suco20141019,Pouerua,Green filter 40kv 8ma,Artefact,Northland,Kaeo,NAP11_574,661.0,7.4,210.2,2413.9,331.9,,,,,,,,,,N15/505;Area_4;No.212_B
Suco20141020,Pouerua,Green filter 40kv 8ma,Artefact,Northland,Kaeo,NAP11_575,607.6,7.7,198.9,2172.1,291.6,,,,,,,,,,N15/505;Area_4;No.220_B
Suco20141021,Pouerua,Green filter 40kv 8ma,Artefact,Northland,Kaeo,NAP11_576,639.7,5.4,207.7,2352.1,308.5,,,,,,,,,,N15/505;Area_4;No.241
Suco20141022,Pouerua,Green filter 40kv 8ma,Artefact,Northland,Kaeo,NAP11_577,633.3,5.3,205.9,2312.5,299.9,,,,,,,,,,N15/505;Area_4;No.214
Suco20141023,Pouerua,Green filter 40kv 8ma,Artefact,Northland,Kaeo,NAP11_578,664.4,10.1,208.8,2395.1,327.8,,,,,,,,,,N15/505;Area_4;No.91_A
Suco20141024,Pouerua,Green filter 40kv 8ma,Artefact,CVZ-N,Huruiki,NAP11_579,145.9,39.3,36.8,163.8,14.9,,,,,,,,,,N15/505;Area_4;No.91_B_Fanal
Suco20141025,Pouerua,Green filter 40kv 8ma,Artefact,Northland,Kaeo,NAP11_580,724.8,8.6,217.5,2443.5,335.6,,,,,,,,,,N15/505;Area_4;No.88_A
Suco20141026,Pouerua,Green filter 40kv 8ma,Artefact,CVZ-N,Huruiki,NAP11_581,144.7,37.2,42.2,177.8,12.0,,,,,,,,,,N15/505;Area_4;No.88_B
Suco20141027,Pouerua,Green filter 40kv 8ma,Artefact,CVZ-N,Huruiki,NAP11_582,158.2,39.4,39.8,179.3,13.3,,,,,,,,,,N15/505;Area_5;No.49
Suco20141028,Pouerua,Green filter 40kv 8ma,Artefact,CVZ-N,Fanal Island,NAP11_583,202.3,40.6,41.9,262.2,9.0,,,,,,,,,,N15/505;Area_3;No.148
Suco20141029,Pouerua,Green filter 40kv 8ma,Artefact,Northland,Kaeo,NAP11_584,646.4,11.7,207.2,2354.3,307.9,,,,,,,,,,N15/505;Area_5;No.34
Suco20141030,Pouerua,Green filter 40kv 8ma,Artefact,CVZ-N,Huruiki,NAP11_585,149.5,36.4,32.5,177.7,11.5,,,,,,,,,,N15/505;Area_3;No.100
Suco20141031,Pouerua,Green filter 40kv 8ma,Artefact,CVZ-N,Fanal Island,NAP11_586,198.4,38.7,39.2,262.1,8.3,,,,,,,,,,N15/505;Area_1;No.346
Suco20141032,Pouerua,Green filter 40kv 8ma,Artefact,CVZ-N,Fanal Island,NAP11_587,208.6,34.2,42.4,271.9,11.4,,,,,,,,,,N15/505;Area_3;No.29
Suco20141033,Pouerua,Green filter 40kv 8ma,Artefact,Northland,Kaeo,NAP11_588,668.5,10.5,219.1,2425.8,316.1,,,,,,,,,,N15/505;Area_4;No.103
Suco20141034,Pouerua,Green filter 40kv 8ma,Artefact,Northland,Kaeo,NAP11_589,721.5,7.5,232.3,2566.7,330.7,,,,,,,,,,N15/505;Area_4;No.115
Suco20141035,Pouerua,Green filter 40kv 8ma,Artefact,CVZ-N,Huruiki,NAP11_590,126.4,35.2,39.6,153.0,10.8,,,,,,,,,,N15/505;Area_4;No.107
Suco20141036,Pouerua,Green filter 40kv 8ma,Artefact,Northland,Kaeo,NAP11_591,666.4,8.9,213.4,2402.0,319.3,,,,,,,,,,N15/505;Area_4;No.108
Suco20141037,Pouerua,Green filter 40kv 8ma,Artefact,Northland,Kaeo,NAP11_592,670.9,7.9,213.4,2389.3,319.2,,,,,,,,,,N15/505;Area_4;No.20
Suco20141038,Pouerua,Green filter 40kv 8ma,Artefact,CVZ-N,Huruiki,NAP11_593,147.3,40.9,34.8,165.6,12.6,,,,,,,,,,N15/505;Area_4;No.5
Suco20141039,Pouerua,Green filter 40kv 8ma,Artefact,Northland,Kaeo,NAP11_594,635.7,10.8,215.0,2342.3,311.9,,,,,,,,,,N15/505;Area_4;No.24
Suco20141040,Pouerua,Green filter 40kv 8ma,Artefact,Northland,Kaeo,NAP11_595,726.5,7.5,223.8,2438.0,322.3,,,,,,,,,,N15/505;Area_4;No.27_B
Suco20141041,Pouerua,Green filter 40kv 8ma,Artefact,Northland,Kaeo,NAP11_596,677.8,7.1,217.2,2347.0,300.8,,,,,,,,,,N15/505;Area_4;No.27_C
Suco20141042,Pouerua,Green filter 40kv 8ma,Artefact,Northland,Kaeo,NAP11_597,716.5,9.6,230.7,2422.1,311.6,,,,,,,,,,N15/505;Area_4;No.27_A
Suco20141043,Pouerua,Green filter 40kv 8ma,Artefact,Northland,Kaeo,NAP11_598,735.7,9.4,215.4,2465.5,327.6,,,,,,,,,,N15/505;Area_4;No.22
Suco20141044,Pouerua,Green filter 40kv 8ma,Artefact,Northland,Kaeo,NAP11_599,668.9,12.0,212.2,2383.7,319.1,,,,,,,,,,N15/505;Area_4;No.67
Suco20141045,Pouerua,Green filter 40kv 8ma,Artefact,Northland,Kaeo,NAP11_600,645.6,8.4,207.8,2374.0,317.5,,,,,,,,,,N15/505;Area_4;No.65
Suco20141046,Pouerua,Green filter 40kv 8ma,Artefact,Northland,Kaeo,NAP11_601,638.6,9.2,199.4,2261.8,308.9,,,,,,,,,,N15/505;Area_4;No.50_B
Suco20141047,Pouerua,Green filter 40kv 8ma,Artefact,Northland,Kaeo,NAP11_602,680.5,6.1,218.7,2454.6,324.5,,,,,,,,,,N15/505;Area_4;No.51
Suco20141048,Pouerua,Green filter 40kv 8ma,Artefact,CVZ-N,Huruiki,NAP11_603,157.2,37.2,37.7,166.9,12.0,,,,,,,,,,N15/505;Area_4;No.53_B
Suco20141049,Pouerua,Green filter 40kv 8ma,Artefact,Northland,Kaeo,NAP11_604,669.5,8.2,225.6,2412.0,320.1,,,,,,,,,,N15/505;Area_4;No.53_A
Suco20141050,Pouerua,Green filter 40kv 8ma,Artefact,Northland,Kaeo,NAP11_605,611.0,4.3,204.3,2229.5,290.2,,,,,,,,,,N15/505;Area_4;No.52
Suco20141051,Pouerua,Green filter 40kv 8ma,Artefact,Northland,Kaeo,NAP11_606,671.7,5.7,219.1,2329.4,312.7,,,,,,,,,,N15/505;Area_4;No.63_A
Suco20141052,Pouerua,Green filter 40kv 8ma,Artefact,Northland,Kaeo,NAP11_607,773.7,9.5,235.6,2513.9,326.4,,,,,,,,,,N15/505;Area_4;No.56
Suco20141053,Pouerua,Green filter 40kv 8ma,Artefact,Northland,Kaeo,NAP11_608,709.1,8.3,226.8,2448.1,301.3,,,,,,,,,,N15/505;Area_4;No.53_A
Suco20141054,Pouerua,Green filter 40kv 8ma,Artefact,CVZ-N,Huruiki,NAP11_609,156.5,42.7,40.0,163.5,17.0,,,,,,,,,,N15/505;Area_4;No.53_D
Suco20141055,Pouerua,Green filter 40kv 8ma,Artefact,CVZ-N,Huruiki,NAP11_610,137.6,37.5,34.9,156.3,10.3,,,,,,,,,,N15/505;Area_4;No.53_C
Suco20141056,Pouerua,Green filter 40kv 8ma,Artefact,Northland,Kaeo,NAP11_611,623.3,10.0,180.2,1968.5,235.6,,,,,,,,,,N15/505;Area_4;No.63_B
Suco20141057,Pouerua,Green filter 40kv 8ma,Artefact,Northland,Kaeo,NAP11_612,641.6,9.6,195.5,2176.0,289.2,,,,,,,,,,N15/505;Area_4;No.134
Suco20141058,Pouerua,Green filter 40kv 8ma,Artefact,Northland,Kaeo,NAP11_613,676.4,7.9,206.2,2411.1,320.6,,,,,,,,,,N15/505;Area_4;No.140_B
Suco20141059,Pouerua,Green filter 40kv 8ma,Artefact,Northland,Kaeo,NAP11_614,655.7,8.8,207.0,2376.4,319.4,,,,,,,,,,N15/505;Area_4;No.140_A
Suco20141060,Pouerua,Green filter 40kv 8ma,Artefact,Northland,Kaeo,NAP11_615,700.3,8.8,227.4,2539.9,343.9,,,,,,,,,,N15/505;Area_4;No.122
Suco20141061,Pouerua,Green filter 40kv 8ma,Artefact,Northland,Kaeo,NAP11_616,632.5,5.7,210.2,2343.7,312.3,,,,,,,,,,N15/505;Area_4;No.121_A
Suco20141062,Pouerua,Green filter 40kv 8ma,Artefact,Northland,Kaeo,NAP11_617,693.4,8.4,204.1,2361.0,328.3,,,,,,,,,,N15/505;Area_4;No.121_B
Suco20141063,Pouerua,Green filter 40kv 8ma,Artefact,Northland,Kaeo,NAP11_618,680.3,7.9,200.6,2300.9,304.4,,,,,,,,,,N15/505;Area_4;No.120
Suco20141064,Pouerua,Green filter 40kv 8ma,Artefact,CVZ-N,Huruiki,NAP11_619,143.7,42.3,35.5,161.2,11.9,,,,,,,,,,N15/505;Area_4;No.37
Suco20141065,Pouerua,Green filter 40kv 8ma,Artefact,Northland,Kaeo,NAP11_620,710.7,9.8,211.0,2474.5,332.6,,,,,,,,,,N15/505;Area_4;No.45
Suco20141066,Pouerua,Green filter 40kv 8ma,Artefact,Northland,Kaeo,NAP11_621,688.4,6.6,228.8,2396.3,309.7,,,,,,,,,,N15/505;Area_4;No.47_A
Suco20141067,Pouerua,Green filter 40kv 8ma,Artefact,CVZ-N,Huruiki,NAP11_622,125.5,35.4,37.1,146.7,10.7,,,,,,,,,,N15/505;Area_4;No.38
Suco20141068,Pouerua,Green filter 40kv 8ma,Artefact,Northland,Kaeo,NAP11_623,710.4,6.9,201.8,2150.7,273.8,,,,,,,,,,N15/505;Area_4;No.623
Suco20141069,,Vacuum 15kv 15ma,Artefact,TVZ,Taupo,NAP11_321,,,,,,,,,3826.2,,,6834.4,,,Surface_collection;No4
