Surrogate code,Sample_Type,Sample_ID,Study Area,Source_Specific
Suco2014-0,Artefact,AR 3980b,Mt Wellington,Cooks Bay
Suco20141,Artefact,AR 4035,Mt Wellington,Cooks Bay
Suco20142,Artefact,AR 4049,Mt Wellington,Cooks Bay
Suco20143,Artefact,MW 022,Mt Wellington,Cooks Bay
Suco20144,Artefact,AR 3996,Mt Wellington,Hahei
Suco20145,Artefact,AR 4001b,Mt Wellington,Hahei
Suco20146,Artefact,AR 4006b,Mt Wellington,Hahei
Suco20147,Artefact,AR 4010,Mt Wellington,Rotorua
Suco20148,Artefact,AR 3980b,Mt Wellington,Cooks Bay
Suco20149,Artefact,AR 4035,Mt Wellington,Cooks Bay
Suco201410,Artefact,AR 4049,Mt Wellington,Cooks Bay
Suco201411,Artefact,MW 022,Mt Wellington,Cooks Bay
Suco201412,Artefact,BH_FS_19_1,Bream Head,Fanal Island
Suco201413,Artefact,BH_FS_2_1,Bream Head,Fanal Island
Suco201414,Artefact,BH_FS_21_1,Bream Head,Fanal Island
Suco201415,Artefact,BH_FS_22_1,Bream Head,Fanal Island
Suco201416,Artefact,BH_FS_23_1,Bream Head,Fanal Island
Suco201417,Artefact,BH_FS_23_3,Bream Head,Fanal Island
Suco201418,Artefact,BH_FS_23_5,Bream Head,Fanal Island
Suco201419,Artefact,BH_FS_23_6,Bream Head,Fanal Island
Suco201420,Artefact,BH_FS_23_7,Bream Head,Fanal Island
Suco201421,Artefact,BH_FS_23_8,Bream Head,Fanal Island
Suco201422,Artefact,BH_FS_23_9,Bream Head,Fanal Island
Suco201423,Artefact,BH_FS_36_1,Bream Head,Fanal Island
Suco201424,Artefact,AR 4017c,Mt Wellington,Fanal Island
Suco201425,Artefact,AR 4017g,Mt Wellington,Fanal Island
Suco201426,Artefact,AR 4025b,Mt Wellington,Fanal Island
Suco201427,Artefact,AR 4027b,Mt Wellington,Fanal Island
Suco201428,Artefact,AR 4031c,Mt Wellington,Fanal Island
Suco201429,Artefact,AR 3996,Mt Wellington,Hahei
Suco201430,Artefact,AR 4001b,Mt Wellington,Hahei
Suco201431,Artefact,AR 4006b,Mt Wellington,Hahei
Suco201432,Artefact,BH_FS_32_4,Bream Head,Huruiki
Suco201433,Artefact,HB_FS_11_1,Helena Bay,Huruiki
Suco201434,Artefact,HB_FS_11_2,Helena Bay,Huruiki
Suco201435,Artefact,HB_FS_12_1,Helena Bay,Huruiki
Suco201436,Artefact,HB_FS_12_2,Helena Bay,Huruiki
Suco201437,Artefact,HB_FS_12_3,Helena Bay,Huruiki
Suco201438,Artefact,HB_FS_13,Helena Bay,Huruiki
Suco201439,Artefact,HB_FS_17_10,Helena Bay,Huruiki
Suco201440,Artefact,HB_FS_17_2,Helena Bay,Huruiki
Suco201441,Artefact,HB_FS_17_3,Helena Bay,Huruiki
Suco201442,Artefact,HB_FS_17_4,Helena Bay,Huruiki
Suco201443,Artefact,HB_FS_17_5,Helena Bay,Huruiki
Suco201444,Artefact,HB_FS_17_6,Helena Bay,Huruiki
Suco201445,Artefact,HB_FS_17_7,Helena Bay,Huruiki
Suco201446,Artefact,HB_FS_17_8,Helena Bay,Huruiki
Suco201447,Artefact,HB_FS_17_9,Helena Bay,Huruiki
Suco201448,Artefact,HB_FS_19_1,Helena Bay,Huruiki
Suco201449,Artefact,HB_FS_19_10,Helena Bay,Huruiki
Suco201450,Artefact,HB_FS_19_11,Helena Bay,Huruiki
Suco201451,Artefact,HB_FS_19_12,Helena Bay,Huruiki
Suco201452,Artefact,HB_FS_19_13,Helena Bay,Huruiki
Suco201453,Artefact,HB_FS_19_14,Helena Bay,Huruiki
Suco201454,Artefact,HB_FS_19_15,Helena Bay,Huruiki
Suco201455,Artefact,HB_FS_19_16,Helena Bay,Huruiki
Suco201456,Artefact,HB_FS_19_17,Helena Bay,Huruiki
Suco201457,Artefact,HB_FS_19_18,Helena Bay,Huruiki
Suco201458,Artefact,HB_FS_19_19,Helena Bay,Huruiki
Suco201459,Artefact,HB_FS_19_2,Helena Bay,Huruiki
Suco201460,Artefact,HB_FS_19_20,Helena Bay,Huruiki
Suco201461,Artefact,HB_FS_19_21,Helena Bay,Huruiki
Suco201462,Artefact,HB_FS_19_22,Helena Bay,Huruiki
Suco201463,Artefact,HB_FS_19_23,Helena Bay,Huruiki
Suco201464,Artefact,HB_FS_19_24,Helena Bay,Huruiki
Suco201465,Artefact,HB_FS_19_25,Helena Bay,Huruiki
Suco201466,Artefact,HB_FS_19_26,Helena Bay,Huruiki
Suco201467,Artefact,HB_FS_19_27,Helena Bay,Huruiki
Suco201468,Artefact,HB_FS_19_28,Helena Bay,Huruiki
Suco201469,Artefact,HB_FS_19_29,Helena Bay,Huruiki
Suco201470,Artefact,HB_FS_19_3,Helena Bay,Huruiki
Suco201471,Artefact,HB_FS_19_30,Helena Bay,Huruiki
Suco201472,Artefact,HB_FS_19_31,Helena Bay,Huruiki
Suco201473,Artefact,HB_FS_19_32,Helena Bay,Huruiki
Suco201474,Artefact,HB_FS_19_33,Helena Bay,Huruiki
Suco201475,Artefact,HB_FS_19_34,Helena Bay,Huruiki
Suco201476,Artefact,HB_FS_19_35,Helena Bay,Huruiki
Suco201477,Artefact,HB_FS_19_36,Helena Bay,Huruiki
Suco201478,Artefact,HB_FS_19_4,Helena Bay,Huruiki
Suco201479,Artefact,HB_FS_19_5,Helena Bay,Huruiki
Suco201480,Artefact,HB_FS_19_6,Helena Bay,Huruiki
Suco201481,Artefact,HB_FS_19_7,Helena Bay,Huruiki
Suco201482,Artefact,HB_FS_19_8,Helena Bay,Huruiki
Suco201483,Artefact,HB_FS_19_9,Helena Bay,Huruiki
Suco201484,Artefact,HB_FS_20_1,Helena Bay,Huruiki
Suco201485,Artefact,HB_FS_20_2,Helena Bay,Huruiki
Suco201486,Artefact,HB_FS_20_3,Helena Bay,Huruiki
Suco201487,Artefact,HB_FS_21_1,Helena Bay,Huruiki
Suco201488,Artefact,HB_FS_21_10,Helena Bay,Huruiki
Suco201489,Artefact,HB_FS_21_11,Helena Bay,Huruiki
Suco201490,Artefact,HB_FS_21_12,Helena Bay,Huruiki
Suco201491,Artefact,HB_FS_21_13,Helena Bay,Huruiki
Suco201492,Artefact,HB_FS_21_14,Helena Bay,Huruiki
Suco201493,Artefact,HB_FS_21_15,Helena Bay,Huruiki
Suco201494,Artefact,HB_FS_21_16,Helena Bay,Huruiki
Suco201495,Artefact,HB_FS_21_17,Helena Bay,Huruiki
Suco201496,Artefact,HB_FS_21_18,Helena Bay,Huruiki
Suco201497,Artefact,HB_FS_21_19,Helena Bay,Huruiki
Suco201498,Artefact,HB_FS_21_2,Helena Bay,Huruiki
Suco201499,Artefact,HB_FS_21_20,Helena Bay,Huruiki
Suco2014100,Artefact,HB_FS_21_21,Helena Bay,Huruiki
Suco2014101,Artefact,HB_FS_21_22,Helena Bay,Huruiki
Suco2014102,Artefact,HB_FS_21_23,Helena Bay,Huruiki
Suco2014103,Artefact,HB_FS_21_24,Helena Bay,Huruiki
Suco2014104,Artefact,HB_FS_21_25,Helena Bay,Huruiki
Suco2014105,Artefact,HB_FS_21_26,Helena Bay,Huruiki
Suco2014106,Artefact,HB_FS_21_27,Helena Bay,Huruiki
Suco2014107,Artefact,HB_FS_21_28,Helena Bay,Huruiki
Suco2014108,Artefact,HB_FS_21_29,Helena Bay,Huruiki
Suco2014109,Artefact,HB_FS_21_3,Helena Bay,Huruiki
Suco2014110,Artefact,HB_FS_21_30,Helena Bay,Huruiki
Suco2014111,Artefact,HB_FS_21_31,Helena Bay,Huruiki
Suco2014112,Artefact,HB_FS_21_32,Helena Bay,Huruiki
Suco2014113,Artefact,HB_FS_21_33,Helena Bay,Huruiki
Suco2014114,Artefact,HB_FS_21_34,Helena Bay,Huruiki
Suco2014115,Artefact,HB_FS_21_35,Helena Bay,Huruiki
Suco2014116,Artefact,HB_FS_21_36,Helena Bay,Huruiki
Suco2014117,Artefact,HB_FS_21_37,Helena Bay,Huruiki
Suco2014118,Artefact,HB_FS_21_38_1,Helena Bay,Huruiki
Suco2014119,Artefact,HB_FS_21_38_2,Helena Bay,Huruiki
Suco2014120,Artefact,HB_FS_21_39,Helena Bay,Huruiki
Suco2014121,Artefact,HB_FS_21_4,Helena Bay,Huruiki
Suco2014122,Artefact,HB_FS_21_40_1,Helena Bay,Huruiki
Suco2014123,Artefact,HB_FS_21_40_2,Helena Bay,Huruiki
Suco2014124,Artefact,HB_FS_21_41,Helena Bay,Huruiki
Suco2014125,Artefact,HB_FS_21_42,Helena Bay,Huruiki
Suco2014126,Artefact,HB_FS_21_43,Helena Bay,Huruiki
Suco2014127,Artefact,HB_FS_21_44,Helena Bay,Huruiki
Suco2014128,Artefact,HB_FS_21_45,Helena Bay,Huruiki
Suco2014129,Artefact,HB_FS_21_46,Helena Bay,Huruiki
Suco2014130,Artefact,HB_FS_21_47_1,Helena Bay,Huruiki
Suco2014131,Artefact,HB_FS_21_47_2,Helena Bay,Huruiki
Suco2014132,Artefact,HB_FS_21_47_3,Helena Bay,Huruiki
Suco2014133,Artefact,HB_FS_21_47_4,Helena Bay,Huruiki
Suco2014134,Artefact,HB_FS_21_48_1,Helena Bay,Huruiki
Suco2014135,Artefact,HB_FS_21_48_2,Helena Bay,Huruiki
Suco2014136,Artefact,HB_FS_21_49,Helena Bay,Huruiki
Suco2014137,Artefact,HB_FS_21_5,Helena Bay,Huruiki
Suco2014138,Artefact,HB_FS_21_50,Helena Bay,Huruiki
Suco2014139,Artefact,HB_FS_21_51,Helena Bay,Huruiki
Suco2014140,Artefact,HB_FS_21_52,Helena Bay,Huruiki
Suco2014141,Artefact,HB_FS_21_53,Helena Bay,Huruiki
Suco2014142,Artefact,HB_FS_21_54,Helena Bay,Huruiki
Suco2014143,Artefact,HB_FS_21_55,Helena Bay,Huruiki
Suco2014144,Artefact,HB_FS_21_56_1,Helena Bay,Huruiki
Suco2014145,Artefact,HB_FS_21_56_10,Helena Bay,Huruiki
Suco2014146,Artefact,HB_FS_21_56_11,Helena Bay,Huruiki
Suco2014147,Artefact,HB_FS_21_56_12,Helena Bay,Huruiki
Suco2014148,Artefact,HB_FS_21_56_13,Helena Bay,Huruiki
Suco2014149,Artefact,HB_FS_21_56_14,Helena Bay,Huruiki
Suco2014150,Artefact,HB_FS_21_56_15,Helena Bay,Huruiki
Suco2014151,Artefact,HB_FS_21_56_16,Helena Bay,Huruiki
Suco2014152,Artefact,HB_FS_21_56_17,Helena Bay,Huruiki
Suco2014153,Artefact,HB_FS_21_56_2,Helena Bay,Huruiki
Suco2014154,Artefact,HB_FS_21_56_3,Helena Bay,Huruiki
Suco2014155,Artefact,HB_FS_21_56_4,Helena Bay,Huruiki
Suco2014156,Artefact,HB_FS_21_56_5,Helena Bay,Huruiki
Suco2014157,Artefact,HB_FS_21_56_6,Helena Bay,Huruiki
Suco2014158,Artefact,HB_FS_21_56_7,Helena Bay,Huruiki
Suco2014159,Artefact,HB_FS_21_56_8,Helena Bay,Huruiki
Suco2014160,Artefact,HB_FS_21_56_9,Helena Bay,Huruiki
Suco2014161,Artefact,HB_FS_21_57_1,Helena Bay,Huruiki
Suco2014162,Artefact,HB_FS_21_57_10,Helena Bay,Huruiki
Suco2014163,Artefact,HB_FS_21_57_11,Helena Bay,Huruiki
Suco2014164,Artefact,HB_FS_21_57_12,Helena Bay,Huruiki
Suco2014165,Artefact,HB_FS_21_57_13,Helena Bay,Huruiki
Suco2014166,Artefact,HB_FS_21_57_14,Helena Bay,Huruiki
Suco2014167,Artefact,HB_FS_21_57_15,Helena Bay,Huruiki
Suco2014168,Artefact,HB_FS_21_57_16,Helena Bay,Huruiki
Suco2014169,Artefact,HB_FS_21_57_17,Helena Bay,Huruiki
Suco2014170,Artefact,HB_FS_21_57_18,Helena Bay,Huruiki
Suco2014171,Artefact,HB_FS_21_57_19,Helena Bay,Huruiki
Suco2014172,Artefact,HB_FS_21_57_2,Helena Bay,Huruiki
Suco2014173,Artefact,HB_FS_21_57_20,Helena Bay,Huruiki
Suco2014174,Artefact,HB_FS_21_57_21,Helena Bay,Huruiki
Suco2014175,Artefact,HB_FS_21_57_22,Helena Bay,Huruiki
Suco2014176,Artefact,HB_FS_21_57_23,Helena Bay,Huruiki
Suco2014177,Artefact,HB_FS_21_57_24,Helena Bay,Huruiki
Suco2014178,Artefact,HB_FS_21_57_25,Helena Bay,Huruiki
Suco2014179,Artefact,HB_FS_21_57_26,Helena Bay,Huruiki
Suco2014180,Artefact,HB_FS_21_57_27,Helena Bay,Huruiki
Suco2014181,Artefact,HB_FS_21_57_28,Helena Bay,Huruiki
Suco2014182,Artefact,HB_FS_21_57_29,Helena Bay,Huruiki
Suco2014183,Artefact,HB_FS_21_57_3,Helena Bay,Huruiki
Suco2014184,Artefact,HB_FS_21_57_30,Helena Bay,Huruiki
Suco2014185,Artefact,HB_FS_21_57_31,Helena Bay,Huruiki
Suco2014186,Artefact,HB_FS_21_57_33,Helena Bay,Huruiki
Suco2014187,Artefact,HB_FS_21_57_34,Helena Bay,Huruiki
Suco2014188,Artefact,HB_FS_21_57_35,Helena Bay,Huruiki
Suco2014189,Artefact,HB_FS_21_57_36,Helena Bay,Huruiki
Suco2014190,Artefact,HB_FS_21_57_37,Helena Bay,Huruiki
Suco2014191,Artefact,HB_FS_21_57_38,Helena Bay,Huruiki
Suco2014192,Artefact,HB_FS_21_57_39,Helena Bay,Huruiki
Suco2014193,Artefact,HB_FS_21_57_4,Helena Bay,Huruiki
Suco2014194,Artefact,HB_FS_21_57_40,Helena Bay,Huruiki
Suco2014195,Artefact,HB_FS_21_57_41,Helena Bay,Huruiki
Suco2014196,Artefact,HB_FS_21_57_42,Helena Bay,Huruiki
Suco2014197,Artefact,HB_FS_21_57_43,Helena Bay,Huruiki
Suco2014198,Artefact,HB_FS_21_57_44,Helena Bay,Huruiki
Suco2014199,Artefact,HB_FS_21_57_45,Helena Bay,Huruiki
Suco2014200,Artefact,HB_FS_21_57_46,Helena Bay,Huruiki
Suco2014201,Artefact,HB_FS_21_57_47,Helena Bay,Huruiki
Suco2014202,Artefact,HB_FS_21_57_48,Helena Bay,Huruiki
Suco2014203,Artefact,HB_FS_21_57_49,Helena Bay,Huruiki
Suco2014204,Artefact,HB_FS_21_57_5,Helena Bay,Huruiki
Suco2014205,Artefact,HB_FS_21_57_50,Helena Bay,Huruiki
Suco2014206,Artefact,HB_FS_21_57_51,Helena Bay,Huruiki
Suco2014207,Artefact,HB_FS_21_57_52,Helena Bay,Huruiki
Suco2014208,Artefact,HB_FS_21_57_53,Helena Bay,Huruiki
Suco2014209,Artefact,HB_FS_21_57_54,Helena Bay,Huruiki
Suco2014210,Artefact,HB_FS_21_57_55,Helena Bay,Huruiki
Suco2014211,Artefact,HB_FS_21_57_56,Helena Bay,Huruiki
Suco2014212,Artefact,HB_FS_21_57_57,Helena Bay,Huruiki
Suco2014213,Artefact,HB_FS_21_57_58,Helena Bay,Huruiki
Suco2014214,Artefact,HB_FS_21_57_59,Helena Bay,Huruiki
Suco2014215,Artefact,HB_FS_21_57_6,Helena Bay,Huruiki
Suco2014216,Artefact,HB_FS_21_57_60,Helena Bay,Huruiki
Suco2014217,Artefact,HB_FS_21_57_62,Helena Bay,Huruiki
Suco2014218,Artefact,HB_FS_21_57_63,Helena Bay,Huruiki
Suco2014219,Artefact,HB_FS_21_57_64,Helena Bay,Huruiki
Suco2014220,Artefact,HB_FS_21_57_65,Helena Bay,Huruiki
Suco2014221,Artefact,HB_FS_21_57_66,Helena Bay,Huruiki
Suco2014222,Artefact,HB_FS_21_57_67,Helena Bay,Huruiki
Suco2014223,Artefact,HB_FS_21_57_68,Helena Bay,Huruiki
Suco2014224,Artefact,HB_FS_21_57_69,Helena Bay,Huruiki
Suco2014225,Artefact,HB_FS_21_57_7,Helena Bay,Huruiki
Suco2014226,Artefact,HB_FS_21_57_70,Helena Bay,Huruiki
Suco2014227,Artefact,HB_FS_21_57_71,Helena Bay,Huruiki
Suco2014228,Artefact,HB_FS_21_57_72,Helena Bay,Huruiki
Suco2014229,Artefact,HB_FS_21_57_73,Helena Bay,Huruiki
Suco2014230,Artefact,HB_FS_21_57_74,Helena Bay,Huruiki
Suco2014231,Artefact,HB_FS_21_57_75,Helena Bay,Huruiki
Suco2014232,Artefact,HB_FS_21_57_76,Helena Bay,Huruiki
Suco2014233,Artefact,HB_FS_21_57_77,Helena Bay,Huruiki
Suco2014234,Artefact,HB_FS_21_57_8,Helena Bay,Huruiki
Suco2014235,Artefact,HB_FS_21_57_9,Helena Bay,Huruiki
Suco2014236,Artefact,HB_FS_21_59_1,Helena Bay,Huruiki
Suco2014237,Artefact,HB_FS_21_59_10,Helena Bay,Huruiki
Suco2014238,Artefact,HB_FS_21_59_100,Helena Bay,Huruiki
Suco2014239,Artefact,HB_FS_21_59_101,Helena Bay,Huruiki
Suco2014240,Artefact,HB_FS_21_59_102,Helena Bay,Huruiki
Suco2014241,Artefact,HB_FS_21_59_103,Helena Bay,Huruiki
Suco2014242,Artefact,HB_FS_21_59_104,Helena Bay,Huruiki
Suco2014243,Artefact,HB_FS_21_59_105,Helena Bay,Huruiki
Suco2014244,Artefact,HB_FS_21_59_106,Helena Bay,Huruiki
Suco2014245,Artefact,HB_FS_21_59_107,Helena Bay,Huruiki
Suco2014246,Artefact,HB_FS_21_59_108,Helena Bay,Huruiki
Suco2014247,Artefact,HB_FS_21_59_109,Helena Bay,Huruiki
Suco2014248,Artefact,HB_FS_21_59_11,Helena Bay,Huruiki
Suco2014249,Artefact,HB_FS_21_59_110,Helena Bay,Huruiki
Suco2014250,Artefact,HB_FS_21_59_111,Helena Bay,Huruiki
Suco2014251,Artefact,HB_FS_21_59_112,Helena Bay,Huruiki
Suco2014252,Artefact,HB_FS_21_59_113,Helena Bay,Huruiki
Suco2014253,Artefact,HB_FS_21_59_115,Helena Bay,Huruiki
Suco2014254,Artefact,HB_FS_21_59_116,Helena Bay,Huruiki
Suco2014255,Artefact,HB_FS_21_59_117,Helena Bay,Huruiki
Suco2014256,Artefact,HB_FS_21_59_118,Helena Bay,Huruiki
Suco2014257,Artefact,HB_FS_21_59_119,Helena Bay,Huruiki
Suco2014258,Artefact,HB_FS_21_59_12,Helena Bay,Huruiki
Suco2014259,Artefact,HB_FS_21_59_120,Helena Bay,Huruiki
Suco2014260,Artefact,HB_FS_21_59_121,Helena Bay,Huruiki
Suco2014261,Artefact,HB_FS_21_59_122,Helena Bay,Huruiki
Suco2014262,Artefact,HB_FS_21_59_123,Helena Bay,Huruiki
Suco2014263,Artefact,HB_FS_21_59_13,Helena Bay,Huruiki
Suco2014264,Artefact,HB_FS_21_59_14,Helena Bay,Huruiki
Suco2014265,Artefact,HB_FS_21_59_15,Helena Bay,Huruiki
Suco2014266,Artefact,HB_FS_21_59_16,Helena Bay,Huruiki
Suco2014267,Artefact,HB_FS_21_59_17,Helena Bay,Huruiki
Suco2014268,Artefact,HB_FS_21_59_18,Helena Bay,Huruiki
Suco2014269,Artefact,HB_FS_21_59_19,Helena Bay,Huruiki
Suco2014270,Artefact,HB_FS_21_59_2,Helena Bay,Huruiki
Suco2014271,Artefact,HB_FS_21_59_20,Helena Bay,Huruiki
Suco2014272,Artefact,HB_FS_21_59_21,Helena Bay,Huruiki
Suco2014273,Artefact,HB_FS_21_59_22,Helena Bay,Huruiki
Suco2014274,Artefact,HB_FS_21_59_23,Helena Bay,Huruiki
Suco2014275,Artefact,HB_FS_21_59_24,Helena Bay,Huruiki
Suco2014276,Artefact,HB_FS_21_59_25,Helena Bay,Huruiki
Suco2014277,Artefact,HB_FS_21_59_26,Helena Bay,Huruiki
Suco2014278,Artefact,HB_FS_21_59_27,Helena Bay,Huruiki
Suco2014279,Artefact,HB_FS_21_59_28,Helena Bay,Huruiki
Suco2014280,Artefact,HB_FS_21_59_29,Helena Bay,Huruiki
Suco2014281,Artefact,HB_FS_21_59_3,Helena Bay,Huruiki
Suco2014282,Artefact,HB_FS_21_59_30,Helena Bay,Huruiki
Suco2014283,Artefact,HB_FS_21_59_31,Helena Bay,Huruiki
Suco2014284,Artefact,HB_FS_21_59_32,Helena Bay,Huruiki
Suco2014285,Artefact,HB_FS_21_59_33,Helena Bay,Huruiki
Suco2014286,Artefact,HB_FS_21_59_34,Helena Bay,Huruiki
Suco2014287,Artefact,HB_FS_21_59_35,Helena Bay,Huruiki
Suco2014288,Artefact,HB_FS_21_59_36,Helena Bay,Huruiki
Suco2014289,Artefact,HB_FS_21_59_37,Helena Bay,Huruiki
Suco2014290,Artefact,HB_FS_21_59_38,Helena Bay,Huruiki
Suco2014291,Artefact,HB_FS_21_59_39,Helena Bay,Huruiki
Suco2014292,Artefact,HB_FS_21_59_4,Helena Bay,Huruiki
Suco2014293,Artefact,HB_FS_21_59_40,Helena Bay,Huruiki
Suco2014294,Artefact,HB_FS_21_59_41,Helena Bay,Huruiki
Suco2014295,Artefact,HB_FS_21_59_42,Helena Bay,Huruiki
Suco2014296,Artefact,HB_FS_21_59_43,Helena Bay,Huruiki
Suco2014297,Artefact,HB_FS_21_59_44,Helena Bay,Huruiki
Suco2014298,Artefact,HB_FS_21_59_45,Helena Bay,Huruiki
Suco2014299,Artefact,HB_FS_21_59_46,Helena Bay,Huruiki
Suco2014300,Artefact,HB_FS_21_59_47,Helena Bay,Huruiki
Suco2014301,Artefact,HB_FS_21_59_48,Helena Bay,Huruiki
Suco2014302,Artefact,HB_FS_21_59_49,Helena Bay,Huruiki
Suco2014303,Artefact,HB_FS_21_59_5,Helena Bay,Huruiki
Suco2014304,Artefact,HB_FS_21_59_50,Helena Bay,Huruiki
Suco2014305,Artefact,HB_FS_21_59_51,Helena Bay,Huruiki
Suco2014306,Artefact,HB_FS_21_59_52,Helena Bay,Huruiki
Suco2014307,Artefact,HB_FS_21_59_53,Helena Bay,Huruiki
Suco2014308,Artefact,HB_FS_21_59_54,Helena Bay,Huruiki
Suco2014309,Artefact,HB_FS_21_59_55,Helena Bay,Huruiki
Suco2014310,Artefact,HB_FS_21_59_56,Helena Bay,Huruiki
Suco2014311,Artefact,HB_FS_21_59_57,Helena Bay,Huruiki
Suco2014312,Artefact,HB_FS_21_59_58,Helena Bay,Huruiki
Suco2014313,Artefact,HB_FS_21_59_59,Helena Bay,Huruiki
Suco2014314,Artefact,HB_FS_21_59_6,Helena Bay,Huruiki
Suco2014315,Artefact,HB_FS_21_59_60,Helena Bay,Huruiki
Suco2014316,Artefact,HB_FS_21_59_61,Helena Bay,Huruiki
Suco2014317,Artefact,HB_FS_21_59_62,Helena Bay,Huruiki
Suco2014318,Artefact,HB_FS_21_59_63,Helena Bay,Huruiki
Suco2014319,Artefact,HB_FS_21_59_64,Helena Bay,Huruiki
Suco2014320,Artefact,HB_FS_21_59_65,Helena Bay,Huruiki
Suco2014321,Artefact,HB_FS_21_59_66,Helena Bay,Huruiki
Suco2014322,Artefact,HB_FS_21_59_67,Helena Bay,Huruiki
Suco2014323,Artefact,HB_FS_21_59_68,Helena Bay,Huruiki
Suco2014324,Artefact,HB_FS_21_59_69,Helena Bay,Huruiki
Suco2014325,Artefact,HB_FS_21_59_7,Helena Bay,Huruiki
Suco2014326,Artefact,HB_FS_21_59_70,Helena Bay,Huruiki
Suco2014327,Artefact,HB_FS_21_59_71,Helena Bay,Huruiki
Suco2014328,Artefact,HB_FS_21_59_72,Helena Bay,Huruiki
Suco2014329,Artefact,HB_FS_21_59_73,Helena Bay,Huruiki
Suco2014330,Artefact,HB_FS_21_59_74,Helena Bay,Huruiki
Suco2014331,Artefact,HB_FS_21_59_75,Helena Bay,Huruiki
Suco2014332,Artefact,HB_FS_21_59_76,Helena Bay,Huruiki
Suco2014333,Artefact,HB_FS_21_59_77,Helena Bay,Huruiki
Suco2014334,Artefact,HB_FS_21_59_78,Helena Bay,Huruiki
Suco2014335,Artefact,HB_FS_21_59_79,Helena Bay,Huruiki
Suco2014336,Artefact,HB_FS_21_59_8,Helena Bay,Huruiki
Suco2014337,Artefact,HB_FS_21_59_80,Helena Bay,Huruiki
Suco2014338,Artefact,HB_FS_21_59_81,Helena Bay,Huruiki
Suco2014339,Artefact,HB_FS_21_59_82,Helena Bay,Huruiki
Suco2014340,Artefact,HB_FS_21_59_83,Helena Bay,Huruiki
Suco2014341,Artefact,HB_FS_21_59_84,Helena Bay,Huruiki
Suco2014342,Artefact,HB_FS_21_59_85,Helena Bay,Huruiki
Suco2014343,Artefact,HB_FS_21_59_86,Helena Bay,Huruiki
Suco2014344,Artefact,HB_FS_21_59_87,Helena Bay,Huruiki
Suco2014345,Artefact,HB_FS_21_59_88,Helena Bay,Huruiki
Suco2014346,Artefact,HB_FS_21_59_9,Helena Bay,Huruiki
Suco2014347,Artefact,HB_FS_21_59_90,Helena Bay,Huruiki
Suco2014348,Artefact,HB_FS_21_59_91,Helena Bay,Huruiki
Suco2014349,Artefact,HB_FS_21_59_92,Helena Bay,Huruiki
Suco2014350,Artefact,HB_FS_21_59_93,Helena Bay,Huruiki
Suco2014351,Artefact,HB_FS_21_59_94,Helena Bay,Huruiki
Suco2014352,Artefact,HB_FS_21_59_95,Helena Bay,Huruiki
Suco2014353,Artefact,HB_FS_21_59_96,Helena Bay,Huruiki
Suco2014354,Artefact,HB_FS_21_59_98,Helena Bay,Huruiki
Suco2014355,Artefact,HB_FS_21_59_99,Helena Bay,Huruiki
Suco2014356,Artefact,HB_FS_21_6,Helena Bay,Huruiki
Suco2014357,Artefact,HB_FS_21_60,Helena Bay,Huruiki
Suco2014358,Artefact,HB_FS_21_7,Helena Bay,Huruiki
Suco2014359,Artefact,HB_FS_21_8,Helena Bay,Huruiki
Suco2014360,Artefact,HB_FS_21_9,Helena Bay,Huruiki
Suco2014361,Artefact,HB_FS_22,Helena Bay,Huruiki
Suco2014362,Artefact,AR 4020b,Mt Wellington,Huruiki
Suco2014363,Artefact,BH_FS_1_1,Bream Head,Mayor Island
Suco2014364,Artefact,BH_FS_11_1,Bream Head,Mayor Island
Suco2014365,Artefact,BH_FS_23_2,Bream Head,Mayor Island
Suco2014366,Artefact,BH_FS_3_1,Bream Head,Mayor Island
Suco2014367,Artefact,BH_FS_30_1,Bream Head,Mayor Island
Suco2014368,Artefact,BH_FS_31_1,Bream Head,Mayor Island
Suco2014369,Artefact,BH_FS_31_2,Bream Head,Mayor Island
Suco2014370,Artefact,BH_FS_31_3,Bream Head,Mayor Island
Suco2014371,Artefact,BH_FS_32_2,Bream Head,Mayor Island
Suco2014372,Artefact,BH_FS_33_1,Bream Head,Mayor Island
Suco2014373,Artefact,BH_FS_4_1,Bream Head,Mayor Island
Suco2014374,Artefact,BH_FS_4_2,Bream Head,Mayor Island
Suco2014375,Artefact,BH_FS_8_1,Bream Head,Mayor Island
Suco2014376,Artefact,BH_FS_82_1,Bream Head,Mayor Island
Suco2014377,Artefact,BH_FS_9_1,Bream Head,Mayor Island
Suco2014378,Artefact,AR3977,Mt Wellington,Mayor Island
Suco2014379,Artefact,AR3978,Mt Wellington,Mayor Island
Suco2014380,Artefact,AR3986,Mt Wellington,Mayor Island
Suco2014381,Artefact,AR3999,Mt Wellington,Mayor Island
Suco2014382,Artefact,AR4002,Mt Wellington,Mayor Island
Suco2014383,Artefact,AR4003,Mt Wellington,Mayor Island
Suco2014384,Artefact,AR4007,Mt Wellington,Mayor Island
Suco2014385,Artefact,AR4008,Mt Wellington,Mayor Island
Suco2014386,Artefact,AR4018b,Mt Wellington,Mayor Island
Suco2014387,Artefact,AR4019,Mt Wellington,Mayor Island
Suco2014388,Artefact,MW002b,Mt Wellington,Mayor Island
Suco2014389,Artefact,MW008b,Mt Wellington,Mayor Island
Suco2014390,Artefact,MW024a,Mt Wellington,Mayor Island
Suco2014391,Artefact,MW024b,Mt Wellington,Mayor Island
Suco2014392,Artefact,MW024c,Mt Wellington,Mayor Island
Suco2014393,Artefact,AR 4010,Mt Wellington,Rotorua
Suco2014394,Artefact,BH_FS_10_1,Bream Head,Te Ahumata
Suco2014395,Artefact,BH_FS_23_4,Bream Head,Te Ahumata
Suco2014396,Artefact,BH_FS_29_1,Bream Head,Te Ahumata
Suco2014397,Artefact,BH_FS_32_1,Bream Head,Te Ahumata
Suco2014398,Artefact,BH_FS_32_3,Bream Head,Te Ahumata
Suco2014399,Artefact,AR 3976,Mt Wellington,Te Ahumata
Suco2014400,Artefact,AR 3979,Mt Wellington,Te Ahumata
Suco2014401,Artefact,AR 3980a,Mt Wellington,Te Ahumata
Suco2014402,Artefact,AR 3984,Mt Wellington,Te Ahumata
Suco2014403,Artefact,AR 3985,Mt Wellington,Te Ahumata
Suco2014404,Artefact,AR 3987,Mt Wellington,Te Ahumata
Suco2014405,Artefact,AR 3990,Mt Wellington,Te Ahumata
Suco2014406,Artefact,AR 3994,Mt Wellington,Te Ahumata
Suco2014407,Artefact,AR 3995,Mt Wellington,Te Ahumata
Suco2014408,Artefact,AR 3997,Mt Wellington,Te Ahumata
Suco2014409,Artefact,AR 4000,Mt Wellington,Te Ahumata
Suco2014410,Artefact,AR 4001a,Mt Wellington,Te Ahumata
Suco2014411,Artefact,AR 4012,Mt Wellington,Te Ahumata
Suco2014412,Artefact,AR 4013,Mt Wellington,Te Ahumata
Suco2014413,Artefact,AR 4015a,Mt Wellington,Te Ahumata
Suco2014414,Artefact,AR 4015b,Mt Wellington,Te Ahumata
Suco2014415,Artefact,AR 4016a,Mt Wellington,Te Ahumata
Suco2014416,Artefact,AR 4016b,Mt Wellington,Te Ahumata
Suco2014417,Artefact,AR 4016c,Mt Wellington,Te Ahumata
Suco2014418,Artefact,AR 4016d,Mt Wellington,Te Ahumata
Suco2014419,Artefact,AR 4016e,Mt Wellington,Te Ahumata
Suco2014420,Artefact,AR 4017a,Mt Wellington,Te Ahumata
Suco2014421,Artefact,AR 4017b,Mt Wellington,Te Ahumata
Suco2014422,Artefact,AR 4017d,Mt Wellington,Te Ahumata
Suco2014423,Artefact,AR 4017e,Mt Wellington,Te Ahumata
Suco2014424,Artefact,AR 4017h,Mt Wellington,Te Ahumata
Suco2014425,Artefact,AR 4018a,Mt Wellington,Te Ahumata
Suco2014426,Artefact,AR 4020a,Mt Wellington,Te Ahumata
Suco2014427,Artefact,AR 4021a,Mt Wellington,Te Ahumata
Suco2014428,Artefact,AR 4021b,Mt Wellington,Te Ahumata
Suco2014429,Artefact,AR 4022a,Mt Wellington,Te Ahumata
Suco2014430,Artefact,AR 4024,Mt Wellington,Te Ahumata
Suco2014431,Artefact,AR 4025a,Mt Wellington,Te Ahumata
Suco2014432,Artefact,AR 4025c,Mt Wellington,Te Ahumata
Suco2014433,Artefact,AR 4025d,Mt Wellington,Te Ahumata
Suco2014434,Artefact,AR 4025g,Mt Wellington,Te Ahumata
Suco2014435,Artefact,AR 4025h,Mt Wellington,Te Ahumata
Suco2014436,Artefact,AR 4026a,Mt Wellington,Te Ahumata
Suco2014437,Artefact,AR 4027a,Mt Wellington,Te Ahumata
Suco2014438,Artefact,AR 4028a,Mt Wellington,Te Ahumata
Suco2014439,Artefact,AR 4028b,Mt Wellington,Te Ahumata
Suco2014440,Artefact,AR 4028c,Mt Wellington,Te Ahumata
Suco2014441,Artefact,AR 4028d,Mt Wellington,Te Ahumata
Suco2014442,Artefact,AR 4028e,Mt Wellington,Te Ahumata
Suco2014443,Artefact,AR 4029a,Mt Wellington,Te Ahumata
Suco2014444,Artefact,AR 4029b,Mt Wellington,Te Ahumata
Suco2014445,Artefact,AR 4029c,Mt Wellington,Te Ahumata
Suco2014446,Artefact,AR 4030a,Mt Wellington,Te Ahumata
Suco2014447,Artefact,AR 4030c,Mt Wellington,Te Ahumata
Suco2014448,Artefact,AR 4030f,Mt Wellington,Te Ahumata
Suco2014449,Artefact,AR 4030h,Mt Wellington,Te Ahumata
Suco2014450,Artefact,AR 4030i,Mt Wellington,Te Ahumata
Suco2014451,Artefact,AR 4031a,Mt Wellington,Te Ahumata
Suco2014452,Artefact,AR 4031b,Mt Wellington,Te Ahumata
Suco2014453,Artefact,AR 4032a,Mt Wellington,Te Ahumata
Suco2014454,Artefact,AR 4032b,Mt Wellington,Te Ahumata
Suco2014455,Artefact,AR 4032c,Mt Wellington,Te Ahumata
Suco2014456,Artefact,AR 4033a,Mt Wellington,Te Ahumata
Suco2014457,Artefact,AR 4033b,Mt Wellington,Te Ahumata
Suco2014458,Artefact,AR 4033c,Mt Wellington,Te Ahumata
Suco2014459,Artefact,AR 4033d,Mt Wellington,Te Ahumata
Suco2014460,Artefact,AR 4033e,Mt Wellington,Te Ahumata
Suco2014461,Artefact,AR 4033f,Mt Wellington,Te Ahumata
Suco2014462,Artefact,AR 4041a,Mt Wellington,Te Ahumata
Suco2014463,Artefact,AR 4041b,Mt Wellington,Te Ahumata
Suco2014464,Artefact,AR 4041c,Mt Wellington,Te Ahumata
Suco2014465,Artefact,AR 4041d,Mt Wellington,Te Ahumata
Suco2014466,Artefact,AR 4044a,Mt Wellington,Te Ahumata
Suco2014467,Artefact,AR 4044b,Mt Wellington,Te Ahumata
Suco2014468,Artefact,AR 4045,Mt Wellington,Te Ahumata
Suco2014469,Artefact,AR 4048,Mt Wellington,Te Ahumata
Suco2014470,Artefact,AR 4050a,Mt Wellington,Te Ahumata
Suco2014471,Artefact,MW 0007b,Mt Wellington,Te Ahumata
Suco2014472,Artefact,MW 001,Mt Wellington,Te Ahumata
Suco2014473,Artefact,MW 002a,Mt Wellington,Te Ahumata
Suco2014474,Artefact,MW 004,Mt Wellington,Te Ahumata
Suco2014475,Artefact,MW 005,Mt Wellington,Te Ahumata
Suco2014476,Artefact,MW 006,Mt Wellington,Te Ahumata
Suco2014477,Artefact,MW 007a,Mt Wellington,Te Ahumata
Suco2014478,Artefact,MW 007c,Mt Wellington,Te Ahumata
Suco2014479,Artefact,MW 008a,Mt Wellington,Te Ahumata
Suco2014480,Artefact,MW 008c,Mt Wellington,Te Ahumata
Suco2014481,Artefact,MW 009,Mt Wellington,Te Ahumata
Suco2014482,Artefact,MW 010,Mt Wellington,Te Ahumata
Suco2014483,Artefact,MW 012,Mt Wellington,Te Ahumata
Suco2014484,Artefact,MW 014c,Mt Wellington,Te Ahumata
Suco2014485,Artefact,MW 014f,Mt Wellington,Te Ahumata
Suco2014486,Artefact,MW 014g,Mt Wellington,Te Ahumata
Suco2014487,Artefact,MW 014p,Mt Wellington,Te Ahumata
Suco2014488,Artefact,MW 015,Mt Wellington,Te Ahumata
Suco2014489,Artefact,MW 016,Mt Wellington,Te Ahumata
Suco2014490,Artefact,MW 019,Mt Wellington,Te Ahumata
Suco2014491,Artefact,MW 021,Mt Wellington,Te Ahumata
Suco2014492,Artefact,MW 025,Mt Wellington,Te Ahumata
Suco2014493,Artefact,MW 027,Mt Wellington,Te Ahumata
Suco2014494,Artefact,MW 029,Mt Wellington,Te Ahumata
Suco2014495,Artefact,NAP11_26,Pouerua,Mayor Island
Suco2014496,Artefact,NAP11_27,Pouerua,Kaeo
Suco2014497,Artefact,NAP11_28,Pouerua,Kaeo
Suco2014498,Artefact,NAP11_29,Pouerua,Kaeo
Suco2014499,Artefact,NAP11_30,Pouerua,Kaeo
Suco2014500,Artefact,NAP11_31,Pouerua,Kaeo
Suco2014501,Artefact,NAP11_32,Pouerua,Kaeo
Suco2014502,Artefact,NAP11_33,Pouerua,Kaeo
Suco2014503,Artefact,NAP11_34,Pouerua,Kaeo
Suco2014504,Artefact,NAP11_35,Pouerua,Kaeo
Suco2014505,Artefact,NAP11_36,Pouerua,Kaeo
Suco2014506,Artefact,NAP11_37,Pouerua,Kaeo
Suco2014507,Artefact,NAP11_38,Pouerua,Kaeo
Suco2014508,Artefact,NAP11_39,Pouerua,Kaeo
Suco2014509,Artefact,NAP11_40,Pouerua,Kaeo
Suco2014510,Artefact,NAP11_42,Pouerua,Kaeo
Suco2014511,Artefact,NAP11_43,Pouerua,Kaeo
Suco2014512,Artefact,NAP11_44,Pouerua,Kaeo
Suco2014513,Artefact,NAP11_45,Pouerua,Kaeo
Suco2014514,Artefact,NAP11_46,Pouerua,Kaeo
Suco2014515,Artefact,NAP11_47,Pouerua,Kaeo
Suco2014516,Artefact,NAP11_49,Pouerua,Kaeo
Suco2014517,Artefact,NAP11_50,Pouerua,Kaeo
Suco2014518,Artefact,NAP11_51,Pouerua,Kaeo
Suco2014519,Artefact,NAP11_52,Pouerua,Kaeo
Suco2014520,Artefact,NAP11_53,Pouerua,Kaeo
Suco2014521,Artefact,NAP11_54,Pouerua,Kaeo
Suco2014522,Artefact,NAP11_55,Pouerua,Kaeo
Suco2014523,Artefact,NAP11_56,Pouerua,Kaeo
Suco2014524,Artefact,NAP11_57,Pouerua,Kaeo
Suco2014525,Artefact,NAP11_58,Pouerua,Kaeo
Suco2014526,Artefact,NAP11_59,Pouerua,Kaeo
Suco2014527,Artefact,NAP11_60,Pouerua,Kaeo
Suco2014528,Artefact,NAP11_61,Pouerua,Kaeo
Suco2014529,Artefact,NAP11_62,Pouerua,Kaeo
Suco2014530,Artefact,NAP11_63,Pouerua,Kaeo
Suco2014531,Artefact,NAP11_64,Pouerua,Kaeo
Suco2014532,Artefact,NAP11_65,Pouerua,Te Ahumata
Suco2014533,Artefact,NAP11_66,Pouerua,Kaeo
Suco2014534,Artefact,NAP11_67,Pouerua,Kaeo
Suco2014535,Artefact,NAP11_68,Pouerua,Kaeo
Suco2014536,Artefact,NAP11_69,Pouerua,Kaeo
Suco2014537,Artefact,NAP11_70,Pouerua,Kaeo
Suco2014538,Artefact,NAP11_71,Pouerua,Kaeo
Suco2014539,Artefact,NAP11_72,Pouerua,Kaeo
Suco2014540,Artefact,NAP11_73,Pouerua,Kaeo
Suco2014541,Artefact,NAP11_74,Pouerua,Kaeo
Suco2014542,Artefact,NAP11_75,Pouerua,Kaeo
Suco2014543,Artefact,NAP11_77,Pouerua,Kaeo
Suco2014544,Artefact,NAP11_78,Pouerua,Kaeo
Suco2014545,Artefact,NAP11_79,Pouerua,Kaeo
Suco2014546,Artefact,NAP11_80,Pouerua,Mayor Island
Suco2014547,Artefact,NAP11_81,Pouerua,Kaeo
Suco2014548,Artefact,NAP11_82,Pouerua,Kaeo
Suco2014549,Artefact,NAP11_83,Pouerua,Kaeo
Suco2014550,Artefact,NAP11_84,Pouerua,Kaeo
Suco2014551,Artefact,NAP11_85,Pouerua,Kaeo
Suco2014552,Artefact,NAP11_86,Pouerua,Kaeo
Suco2014553,Artefact,NAP11_87,Pouerua,Kaeo
Suco2014554,Artefact,NAP11_88,Pouerua,Kaeo
Suco2014555,Artefact,NAP11_89,Pouerua,Kaeo
Suco2014556,Artefact,NAP11_90,Pouerua,Kaeo
Suco2014557,Artefact,NAP11_91,Pouerua,Kaeo
Suco2014558,Artefact,NAP11_92,Pouerua,Kaeo
Suco2014559,Artefact,NAP11_93,Pouerua,Kaeo
Suco2014560,Artefact,NAP11_94,Pouerua,Kaeo
Suco2014561,Artefact,NAP11_95,Pouerua,Kaeo
Suco2014562,Artefact,NAP11_96,Pouerua,Kaeo
Suco2014563,Artefact,NAP11_97,Pouerua,Kaeo
Suco2014564,Artefact,NAP11_98,Pouerua,Kaeo
Suco2014565,Artefact,NAP11_99,Pouerua,Kaeo
Suco2014566,Artefact,NAP11_100,Pouerua,Kaeo
Suco2014567,Artefact,NAP11_101,Pouerua,Kaeo
Suco2014568,Artefact,NAP11_102,Pouerua,Kaeo
Suco2014569,Artefact,NAP11_103,Pouerua,Kaeo
Suco2014570,Artefact,NAP11_104,Pouerua,Kaeo
Suco2014571,Artefact,NAP11_105,Pouerua,Mayor Island
Suco2014572,Artefact,NAP11_106,Pouerua,Kaeo
Suco2014573,Artefact,NAP11_107,Pouerua,Kaeo
Suco2014574,Artefact,NAP11_108,Pouerua,Kaeo
Suco2014575,Artefact,NAP11_109,Pouerua,Kaeo
Suco2014576,Artefact,NAP11_110,Pouerua,Kaeo
Suco2014577,Artefact,NAP11_111,Pouerua,Kaeo
Suco2014578,Artefact,NAP11_112,Pouerua,Kaeo
Suco2014579,Artefact,NAP11_113,Pouerua,Kaeo
Suco2014580,Artefact,NAP11_114,Pouerua,Kaeo
Suco2014581,Artefact,NAP11_115,Pouerua,Kaeo
Suco2014582,Artefact,NAP11_116,Pouerua,Kaeo
Suco2014583,Artefact,NAP11_117,Pouerua,Kaeo
Suco2014584,Artefact,NAP11_118,Pouerua,Kaeo
Suco2014585,Artefact,NAP11_119,Pouerua,Mayor Island
Suco2014586,Artefact,NAP11_120,Pouerua,Kaeo
Suco2014587,Artefact,NAP11_121,Pouerua,Kaeo
Suco2014588,Artefact,NAP11_122,Pouerua,Kaeo
Suco2014589,Artefact,NAP11_123,Pouerua,Kaeo
Suco2014590,Artefact,NAP11_124,Pouerua,Kaeo
Suco2014591,Artefact,NAP11_125,Pouerua,Kaeo
Suco2014592,Artefact,NAP11_126,Pouerua,Kaeo
Suco2014593,Artefact,NAP11_127,Pouerua,Kaeo
Suco2014594,Artefact,NAP11_128,Pouerua,Kaeo
Suco2014595,Artefact,NAP11_129,Pouerua,Kaeo
Suco2014596,Artefact,NAP11_130,Pouerua,Huruiki
Suco2014597,Artefact,NAP11_131,Pouerua,Kaeo
Suco2014598,Artefact,NAP11_132,Pouerua,Kaeo
Suco2014599,Artefact,NAP11_133,Pouerua,Huruiki
Suco2014600,Artefact,NAP11_134,Pouerua,Kaeo
Suco2014601,Artefact,NAP11_135,Pouerua,Kaeo
Suco2014602,Artefact,NAP11_136,Pouerua,Kaeo
Suco2014603,Artefact,NAP11_137,Pouerua,Kaeo
Suco2014604,Artefact,NAP11_138,Pouerua,Kaeo
Suco2014605,Artefact,NAP11_139,Pouerua,Huruiki
Suco2014606,Artefact,NAP11_140,Pouerua,Kaeo
Suco2014607,Artefact,NAP11_141,Pouerua,Kaeo
Suco2014608,Artefact,NAP11_142,Pouerua,Huruiki
Suco2014609,Artefact,NAP11_144,Pouerua,Kaeo
Suco2014610,Artefact,NAP11_145,Pouerua,Kaeo
Suco2014611,Artefact,NAP11_146,Pouerua,Kaeo
Suco2014612,Artefact,NAP11_147,Pouerua,Kaeo
Suco2014613,Artefact,NAP11_148,Pouerua,Kaeo
Suco2014614,Artefact,NAP11_149,Pouerua,Kaeo
Suco2014615,Artefact,NAP11_150,Pouerua,Kaeo
Suco2014616,Artefact,NAP11_151,Pouerua,Kaeo
Suco2014617,Artefact,NAP11_152,Pouerua,Kaeo
Suco2014618,Artefact,NAP11_153,Pouerua,Kaeo
Suco2014619,Artefact,NAP11_154,Pouerua,Kaeo
Suco2014620,Artefact,NAP11_155,Pouerua,Mayor Island
Suco2014621,Artefact,NAP11_156,Pouerua,Kaeo
Suco2014622,Artefact,NAP11_157,Pouerua,Kaeo
Suco2014623,Artefact,NAP11_158,Pouerua,Huruiki
Suco2014624,Artefact,NAP11_159,Pouerua,Kaeo
Suco2014625,Artefact,NAP11_160,Pouerua,Kaeo
Suco2014626,Artefact,NAP11_161,Pouerua,Kaeo
Suco2014627,Artefact,NAP11_162,Pouerua,Kaeo
Suco2014628,Artefact,NAP11_163,Pouerua,Huruiki
Suco2014629,Artefact,NAP11_164,Pouerua,Kaeo
Suco2014630,Artefact,NAP11_165,Pouerua,Kaeo
Suco2014631,Artefact,NAP11_166,Pouerua,Kaeo
Suco2014632,Artefact,NAP11_167,Pouerua,Kaeo
Suco2014633,Artefact,NAP11_168,Pouerua,Kaeo
Suco2014634,Artefact,NAP11_169,Pouerua,Kaeo
Suco2014635,Artefact,NAP11_170,Pouerua,Kaeo
Suco2014636,Artefact,NAP11_171,Pouerua,Kaeo
Suco2014637,Artefact,NAP11_172,Pouerua,Kaeo
Suco2014638,Artefact,NAP11_173,Pouerua,Kaeo
Suco2014639,Artefact,NAP11_174,Pouerua,Kaeo
Suco2014640,Artefact,NAP11_175,Pouerua,Kaeo
Suco2014641,Artefact,NAP11_176,Pouerua,Kaeo
Suco2014642,Artefact,NAP11_177,Pouerua,Kaeo
Suco2014643,Artefact,NAP11_178,Pouerua,Kaeo
Suco2014644,Artefact,NAP11_179,Pouerua,Kaeo
Suco2014645,Artefact,NAP11_180,Pouerua,Kaeo
Suco2014646,Artefact,NAP11_181,Pouerua,Kaeo
Suco2014647,Artefact,NAP11_182,Pouerua,Kaeo
Suco2014648,Artefact,NAP11_183,Pouerua,Kaeo
Suco2014649,Artefact,NAP11_184,Pouerua,Kaeo
Suco2014650,Artefact,NAP11_186,Pouerua,Kaeo
Suco2014651,Artefact,NAP11_187,Pouerua,Huruiki
Suco2014652,Artefact,NAP11_188,Pouerua,Kaeo
Suco2014653,Artefact,NAP11_189,Pouerua,Kaeo
Suco2014654,Artefact,NAP11_190,Pouerua,Kaeo
Suco2014655,Artefact,NAP11_191,Pouerua,Huruiki
Suco2014656,Artefact,NAP11_192,Pouerua,Kaeo
Suco2014657,Artefact,NAP11_193,Pouerua,Kaeo
Suco2014658,Artefact,NAP11_194,Pouerua,Kaeo
Suco2014659,Artefact,NAP11_195,Pouerua,Kaeo
Suco2014660,Artefact,NAP11_196,Pouerua,Kaeo
Suco2014661,Artefact,NAP11_197,Pouerua,Kaeo
Suco2014662,Artefact,NAP11_198,Pouerua,Kaeo
Suco2014663,Artefact,NAP11_199,Pouerua,Kaeo
Suco2014664,Artefact,NAP11_201,Pouerua,Kaeo
Suco2014665,Artefact,NAP11_202,Pouerua,Kaeo
Suco2014666,Artefact,NAP11_203,Pouerua,Kaeo
Suco2014667,Artefact,NAP11_204,Pouerua,Kaeo
Suco2014668,Artefact,NAP11_206,Pouerua,Kaeo
Suco2014669,Artefact,NAP11_207,Pouerua,Kaeo
Suco2014670,Artefact,NAP11_208,Pouerua,Huruiki
Suco2014671,Artefact,NAP11_209,Pouerua,Huruiki
Suco2014672,Artefact,NAP11_210,Pouerua,Huruiki
Suco2014673,Artefact,NAP11_211,Pouerua,Kaeo
Suco2014674,Artefact,NAP11_212,Pouerua,Kaeo
Suco2014675,Artefact,NAP11_213,Pouerua,Kaeo
Suco2014676,Artefact,NAP11_214,Pouerua,Kaeo
Suco2014677,Artefact,NAP11_215,Pouerua,Kaeo
Suco2014678,Artefact,NAP11_216,Pouerua,Kaeo
Suco2014679,Artefact,NAP11_217,Pouerua,Kaeo
Suco2014680,Artefact,NAP11_218,Pouerua,Kaeo
Suco2014681,Artefact,NAP11_219,Pouerua,Kaeo
Suco2014682,Artefact,NAP11_220,Pouerua,Kaeo
Suco2014683,Artefact,NAP11_221,Pouerua,Kaeo
Suco2014684,Artefact,NAP11_222,Pouerua,Kaeo
Suco2014685,Artefact,NAP11_223,Pouerua,Kaeo
Suco2014686,Artefact,NAP11_224,Pouerua,Kaeo
Suco2014687,Artefact,NAP11_225,Pouerua,Kaeo
Suco2014688,Artefact,NAP11_226,Pouerua,Kaeo
Suco2014689,Artefact,NAP11_227,Pouerua,Kaeo
Suco2014690,Artefact,NAP11_228,Pouerua,Kaeo
Suco2014691,Artefact,NAP11_229,Pouerua,Kaeo
Suco2014692,Artefact,NAP11_230,Pouerua,Kaeo
Suco2014693,Artefact,NAP11_231,Pouerua,Kaeo
Suco2014694,Artefact,NAP11_232,Pouerua,Huruiki
Suco2014695,Artefact,NAP11_233,Pouerua,Kaeo
Suco2014696,Artefact,NAP11_234,Pouerua,Kaeo
Suco2014697,Artefact,NAP11_235,Pouerua,Kaeo
Suco2014698,Artefact,NAP11_236,Pouerua,Kaeo
Suco2014699,Artefact,NAP11_237,Pouerua,Kaeo
Suco2014700,Artefact,NAP11_238,Pouerua,Huruiki
Suco2014701,Artefact,NAP11_239,Pouerua,Kaeo
Suco2014702,Artefact,NAP11_240,Pouerua,Kaeo
Suco2014703,Artefact,NAP11_241,Pouerua,Kaeo
Suco2014704,Artefact,NAP11_242,Pouerua,Kaeo
Suco2014705,Artefact,NAP11_244,Pouerua,Huruiki
Suco2014706,Artefact,NAP11_245,Pouerua,Kaeo
Suco2014707,Artefact,NAP11_246,Pouerua,Kaeo
Suco2014708,Artefact,NAP11_247,Pouerua,Kaeo
Suco2014709,Artefact,NAP11_248,Pouerua,Kaeo
Suco2014710,Artefact,NAP11_249,Pouerua,Kaeo
Suco2014711,Artefact,NAP11_250,Pouerua,Kaeo
Suco2014712,Artefact,NAP11_251,Pouerua,Kaeo
Suco2014713,Artefact,NAP11_252,Pouerua,Kaeo
Suco2014714,Artefact,NAP11_253,Pouerua,Kaeo
Suco2014715,Artefact,NAP11_254,Pouerua,Kaeo
Suco2014716,Artefact,NAP11_255,Pouerua,Kaeo
Suco2014717,Artefact,NAP11_256,Pouerua,Kaeo
Suco2014718,Artefact,NAP11_257,Pouerua,Kaeo
Suco2014719,Artefact,NAP11_258,Pouerua,Kaeo
Suco2014720,Artefact,NAP11_259,Pouerua,Mayor Island
Suco2014721,Artefact,NAP11_260,Pouerua,Huruiki
Suco2014722,Artefact,NAP11_261,Pouerua,Kaeo
Suco2014723,Artefact,NAP11_262,Pouerua,Fanal Island
Suco2014724,Artefact,NAP11_263,Pouerua,Fanal Island
Suco2014725,Artefact,NAP11_264,Pouerua,Kaeo
Suco2014726,Artefact,NAP11_265,Pouerua,Kaeo
Suco2014727,Artefact,NAP11_268,Pouerua,Kaeo
Suco2014728,Artefact,NAP11_269,Pouerua,Kaeo
Suco2014729,Artefact,NAP11_270,Pouerua,Kaeo
Suco2014730,Artefact,NAP11_272,Pouerua,Kaeo
Suco2014731,Artefact,NAP11_273,Pouerua,Kaeo
Suco2014732,Artefact,NAP11_274,Pouerua,Kaeo
Suco2014733,Artefact,NAP11_275,Pouerua,Kaeo
Suco2014734,Artefact,NAP11_276,Pouerua,Kaeo
Suco2014735,Artefact,NAP11_277,Pouerua,Kaeo
Suco2014736,Artefact,NAP11_278,Pouerua,Kaeo
Suco2014737,Artefact,NAP11_279,Pouerua,Kaeo
Suco2014738,Artefact,NAP11_280,Pouerua,Kaeo
Suco2014739,Artefact,NAP11_281,Pouerua,Kaeo
Suco2014740,Artefact,NAP11_282,Pouerua,Kaeo
Suco2014741,Artefact,NAP11_283,Pouerua,Kaeo
Suco2014742,Artefact,NAP11_284,Pouerua,Kaeo
Suco2014743,Artefact,NAP11_285,Pouerua,Kaeo
Suco2014744,Artefact,NAP11_286,Pouerua,Kaeo
Suco2014745,Artefact,NAP11_287,Pouerua,Kaeo
Suco2014746,Artefact,NAP11_289,Pouerua,Kaeo
Suco2014747,Artefact,NAP11_290,Pouerua,Kaeo
Suco2014748,Artefact,NAP11_291,Pouerua,Kaeo
Suco2014749,Artefact,NAP11_292,Pouerua,Kaeo
Suco2014750,Artefact,NAP11_293,Pouerua,Kaeo
Suco2014751,Artefact,NAP11_294,Pouerua,Huruiki
Suco2014752,Artefact,NAP11_295,Pouerua,Kaeo
Suco2014753,Artefact,NAP11_296,Pouerua,Kaeo
Suco2014754,Artefact,NAP11_297,Pouerua,Kaeo
Suco2014755,Artefact,NAP11_298,Pouerua,Kaeo
Suco2014756,Artefact,NAP11_299,Pouerua,Kaeo
Suco2014757,Artefact,NAP11_300,Pouerua,Kaeo
Suco2014758,Artefact,NAP11_301,Pouerua,Kaeo
Suco2014759,Artefact,NAP11_302,Pouerua,Kaeo
Suco2014760,Artefact,NAP11_303,Pouerua,Kaeo
Suco2014761,Artefact,NAP11_304,Pouerua,Kaeo
Suco2014762,Artefact,NAP11_305,Pouerua,Kaeo
Suco2014763,Artefact,NAP11_306,Pouerua,Kaeo
Suco2014764,Artefact,NAP11_307,Pouerua,Kaeo
Suco2014765,Artefact,NAP11_308,Pouerua,Kaeo
Suco2014766,Artefact,NAP11_309,Pouerua,Kaeo
Suco2014767,Artefact,NAP11_311,Pouerua,Kaeo
Suco2014768,Artefact,NAP11_312,Pouerua,Kaeo
Suco2014769,Artefact,NAP11_313,Pouerua,Huruiki
Suco2014770,Artefact,NAP11_315,Pouerua,Kaeo
Suco2014771,Artefact,NAP11_316,Pouerua,Kaeo
Suco2014772,Artefact,NAP11_318,Pouerua,Mayor Island
Suco2014773,Artefact,NAP11_319,Pouerua,Kaeo
Suco2014774,Artefact,NAP11_320,Pouerua,Kaeo
Suco2014775,Artefact,NAP11_321,Pouerua,Taupo
Suco2014776,Artefact,NAP11_322,Pouerua,Kaeo
Suco2014777,Artefact,NAP11_323,Pouerua,Mayor Island
Suco2014778,Artefact,NAP11_324,Pouerua,Kaeo
Suco2014779,Artefact,NAP11_325,Pouerua,Kaeo
Suco2014780,Artefact,NAP11_326,Pouerua,Kaeo
Suco2014781,Artefact,NAP11_327,Pouerua,Kaeo
Suco2014782,Artefact,NAP11_328,Pouerua,Kaeo
Suco2014783,Artefact,NAP11_332,Pouerua,Kaeo
Suco2014784,Artefact,NAP11_333,Pouerua,Kaeo
Suco2014785,Artefact,NAP11_334,Pouerua,Kaeo
Suco2014786,Artefact,NAP11_335,Pouerua,Huruiki
Suco2014787,Artefact,NAP11_336,Pouerua,Kaeo
Suco2014788,Artefact,NAP11_337,Pouerua,Kaeo
Suco2014789,Artefact,NAP11_338,Pouerua,Kaeo
Suco2014790,Artefact,NAP11_339,Pouerua,Kaeo
Suco2014791,Artefact,NAP11_340,Pouerua,Huruiki
Suco2014792,Artefact,NAP11_341,Pouerua,Kaeo
Suco2014793,Artefact,NAP11_342,Pouerua,Kaeo
Suco2014794,Artefact,NAP11_343,Pouerua,Kaeo
Suco2014795,Artefact,NAP11_344,Pouerua,Kaeo
Suco2014796,Artefact,NAP11_345,Pouerua,Kaeo
Suco2014797,Artefact,NAP11_346,Pouerua,Kaeo
Suco2014798,Artefact,NAP11_347,Pouerua,Kaeo
Suco2014799,Artefact,NAP11_348,Pouerua,Kaeo
Suco2014800,Artefact,NAP11_349,Pouerua,Kaeo
Suco2014801,Artefact,NAP11_350,Pouerua,Mayor Island
Suco2014802,Artefact,NAP11_351,Pouerua,Kaeo
Suco2014803,Artefact,NAP11_354,Pouerua,Huruiki
Suco2014804,Artefact,NAP11_355,Pouerua,Kaeo
Suco2014805,Artefact,NAP11_356,Pouerua,Huruiki
Suco2014806,Artefact,NAP11_357,Pouerua,Kaeo
Suco2014807,Artefact,NAP11_358,Pouerua,Kaeo
Suco2014808,Artefact,NAP11_359,Pouerua,Huruiki
Suco2014809,Artefact,NAP11_360,Pouerua,Huruiki
Suco2014810,Artefact,NAP11_361,Pouerua,Kaeo
Suco2014811,Artefact,NAP11_362,Pouerua,Kaeo
Suco2014812,Artefact,NAP11_363,Pouerua,Kaeo
Suco2014813,Artefact,NAP11_364,Pouerua,Kaeo
Suco2014814,Artefact,NAP11_365,Pouerua,Huruiki
Suco2014815,Artefact,NAP11_366,Pouerua,Kaeo
Suco2014816,Artefact,NAP11_367,Pouerua,Kaeo
Suco2014817,Artefact,NAP11_368,Pouerua,Huruiki
Suco2014818,Artefact,NAP11_369,Pouerua,Kaeo
Suco2014819,Artefact,NAP11_370,Pouerua,Kaeo
Suco2014820,Artefact,NAP11_371,Pouerua,Kaeo
Suco2014821,Artefact,NAP11_372,Pouerua,Kaeo
Suco2014822,Artefact,NAP11_373,Pouerua,Kaeo
Suco2014823,Artefact,NAP11_374,Pouerua,Huruiki
Suco2014824,Artefact,NAP11_375,Pouerua,Kaeo
Suco2014825,Artefact,NAP11_376,Pouerua,Kaeo
Suco2014826,Artefact,NAP11_377,Pouerua,Kaeo
Suco2014827,Artefact,NAP11_378,Pouerua,Kaeo
Suco2014828,Artefact,NAP11_379,Pouerua,Kaeo
Suco2014829,Artefact,NAP11_380,Pouerua,Kaeo
Suco2014830,Artefact,NAP11_381,Pouerua,Kaeo
Suco2014831,Artefact,NAP11_382,Pouerua,Kaeo
Suco2014832,Artefact,NAP11_383,Pouerua,Kaeo
Suco2014833,Artefact,NAP11_384,Pouerua,Kaeo
Suco2014834,Artefact,NAP11_385,Pouerua,Kaeo
Suco2014835,Artefact,NAP11_386,Pouerua,Kaeo
Suco2014836,Artefact,NAP11_387,Pouerua,Kaeo
Suco2014837,Artefact,NAP11_388,Pouerua,Kaeo
Suco2014838,Artefact,NAP11_389,Pouerua,Kaeo
Suco2014839,Artefact,NAP11_390,Pouerua,Kaeo
Suco2014840,Artefact,NAP11_391,Pouerua,Kaeo
Suco2014841,Artefact,NAP11_392,Pouerua,Huruiki
Suco2014842,Artefact,NAP11_393,Pouerua,Kaeo
Suco2014843,Artefact,NAP11_394,Pouerua,Kaeo
Suco2014844,Artefact,NAP11_395,Pouerua,Kaeo
Suco2014845,Artefact,NAP11_396,Pouerua,Kaeo
Suco2014846,Artefact,NAP11_397,Pouerua,Kaeo
Suco2014847,Artefact,NAP11_398,Pouerua,Kaeo
Suco2014848,Artefact,NAP11_399,Pouerua,Kaeo
Suco2014849,Artefact,NAP11_400,Pouerua,Kaeo
Suco2014850,Artefact,NAP11_401,Pouerua,Mayor Island
Suco2014851,Artefact,NAP11_402,Pouerua,Kaeo
Suco2014852,Artefact,NAP11_403,Pouerua,Kaeo
Suco2014853,Artefact,NAP11_405,Pouerua,Kaeo
Suco2014854,Artefact,NAP11_406,Pouerua,Kaeo
Suco2014855,Artefact,NAP11_407,Pouerua,Huruiki
Suco2014856,Artefact,NAP11_408,Pouerua,Kaeo
Suco2014857,Artefact,NAP11_409,Pouerua,Kaeo
Suco2014858,Artefact,NAP11_410,Pouerua,Huruiki
Suco2014859,Artefact,NAP11_411,Pouerua,Kaeo
Suco2014860,Artefact,NAP11_412,Pouerua,Kaeo
Suco2014861,Artefact,NAP11_413,Pouerua,Kaeo
Suco2014862,Artefact,NAP11_414,Pouerua,Huruiki
Suco2014863,Artefact,NAP11_415,Pouerua,Kaeo
Suco2014864,Artefact,NAP11_416,Pouerua,Kaeo
Suco2014865,Artefact,NAP11_417,Pouerua,Kaeo
Suco2014866,Artefact,NAP11_418,Pouerua,Kaeo
Suco2014867,Artefact,NAP11_419,Pouerua,Kaeo
Suco2014868,Artefact,NAP11_420,Pouerua,Kaeo
Suco2014869,Artefact,NAP11_421,Pouerua,Kaeo
Suco2014870,Artefact,NAP11_422,Pouerua,Kaeo
Suco2014871,Artefact,NAP11_423,Pouerua,Kaeo
Suco2014872,Artefact,NAP11_424,Pouerua,Kaeo
Suco2014873,Artefact,NAP11_425,Pouerua,Mayor Island
Suco2014874,Artefact,NAP11_426,Pouerua,Kaeo
Suco2014875,Artefact,NAP11_427,Pouerua,Kaeo
Suco2014876,Artefact,NAP11_428,Pouerua,Kaeo
Suco2014877,Artefact,NAP11_429,Pouerua,Kaeo
Suco2014878,Artefact,NAP11_430,Pouerua,Kaeo
Suco2014879,Artefact,NAP11_431,Pouerua,Mayor Island
Suco2014880,Artefact,NAP11_432,Pouerua,Kaeo
Suco2014881,Artefact,NAP11_433,Pouerua,Huruiki
Suco2014882,Artefact,NAP11_434,Pouerua,Kaeo
Suco2014883,Artefact,NAP11_436,Pouerua,Kaeo
Suco2014884,Artefact,NAP11_437,Pouerua,Kaeo
Suco2014885,Artefact,NAP11_438,Pouerua,Kaeo
Suco2014886,Artefact,NAP11_439,Pouerua,Kaeo
Suco2014887,Artefact,NAP11_440,Pouerua,Kaeo
Suco2014888,Artefact,NAP11_441,Pouerua,Kaeo
Suco2014889,Artefact,NAP11_442,Pouerua,Kaeo
Suco2014890,Artefact,NAP11_443,Pouerua,Huruiki
Suco2014891,Artefact,NAP11_444,Pouerua,Kaeo
Suco2014892,Artefact,NAP11_445,Pouerua,Kaeo
Suco2014893,Artefact,NAP11_446,Pouerua,Kaeo
Suco2014894,Artefact,NAP11_447,Pouerua,Kaeo
Suco2014895,Artefact,NAP11_448,Pouerua,Kaeo
Suco2014896,Artefact,NAP11_449,Pouerua,Kaeo
Suco2014897,Artefact,NAP11_450,Pouerua,Kaeo
Suco2014898,Artefact,NAP11_451,Pouerua,Kaeo
Suco2014899,Artefact,NAP11_452,Pouerua,Kaeo
Suco2014900,Artefact,NAP11_453,Pouerua,Huruiki
Suco2014901,Artefact,NAP11_454,Pouerua,Kaeo
Suco2014902,Artefact,NAP11_455,Pouerua,Kaeo
Suco2014903,Artefact,NAP11_456,Pouerua,Kaeo
Suco2014904,Artefact,NAP11_457,Pouerua,Kaeo
Suco2014905,Artefact,NAP11_458,Pouerua,Kaeo
Suco2014906,Artefact,NAP11_459,Pouerua,Kaeo
Suco2014907,Artefact,NAP11_460,Pouerua,Kaeo
Suco2014908,Artefact,NAP11_461,Pouerua,Kaeo
Suco2014909,Artefact,NAP11_462,Pouerua,Kaeo
Suco2014910,Artefact,NAP11_463,Pouerua,Huruiki
Suco2014911,Artefact,NAP11_464,Pouerua,Kaeo
Suco2014912,Artefact,NAP11_465,Pouerua,Kaeo
Suco2014913,Artefact,NAP11_466,Pouerua,Kaeo
Suco2014914,Artefact,NAP11_467,Pouerua,Kaeo
Suco2014915,Artefact,NAP11_468,Pouerua,Kaeo
Suco2014916,Artefact,NAP11_469,Pouerua,Huruiki
Suco2014917,Artefact,NAP11_470,Pouerua,Kaeo
Suco2014918,Artefact,NAP11_471,Pouerua,Kaeo
Suco2014919,Artefact,NAP11_472,Pouerua,Huruiki
Suco2014920,Artefact,NAP11_473,Pouerua,Kaeo
Suco2014921,Artefact,NAP11_474,Pouerua,Kaeo
Suco2014922,Artefact,NAP11_475,Pouerua,Kaeo
Suco2014923,Artefact,NAP11_476,Pouerua,Kaeo
Suco2014924,Artefact,NAP11_477,Pouerua,Kaeo
Suco2014925,Artefact,NAP11_478,Pouerua,Kaeo
Suco2014926,Artefact,NAP11_479,Pouerua,Kaeo
Suco2014927,Artefact,NAP11_480,Pouerua,Kaeo
Suco2014928,Artefact,NAP11_481,Pouerua,Kaeo
Suco2014929,Artefact,NAP11_482,Pouerua,Kaeo
Suco2014930,Artefact,NAP11_483,Pouerua,Kaeo
Suco2014931,Artefact,NAP11_484,Pouerua,Kaeo
Suco2014932,Artefact,NAP11_485,Pouerua,Kaeo
Suco2014933,Artefact,NAP11_486,Pouerua,Kaeo
Suco2014934,Artefact,NAP11_487,Pouerua,Huruiki
Suco2014935,Artefact,NAP11_488,Pouerua,Kaeo
Suco2014936,Artefact,NAP11_489,Pouerua,Huruiki
Suco2014937,Artefact,NAP11_490,Pouerua,Kaeo
Suco2014938,Artefact,NAP11_491,Pouerua,Kaeo
Suco2014939,Artefact,NAP11_492,Pouerua,Huruiki
Suco2014940,Artefact,NAP11_493,Pouerua,Huruiki
Suco2014941,Artefact,NAP11_494,Pouerua,Kaeo
Suco2014942,Artefact,NAP11_495,Pouerua,Kaeo
Suco2014943,Artefact,NAP11_496,Pouerua,Kaeo
Suco2014944,Artefact,NAP11_497,Pouerua,Kaeo
Suco2014945,Artefact,NAP11_498,Pouerua,Kaeo
Suco2014946,Artefact,NAP11_499,Pouerua,Kaeo
Suco2014947,Artefact,NAP11_500,Pouerua,Kaeo
Suco2014948,Artefact,NAP11_501,Pouerua,Kaeo
Suco2014949,Artefact,NAP11_502,Pouerua,Kaeo
Suco2014950,Artefact,NAP11_503,Pouerua,Kaeo
Suco2014951,Artefact,NAP11_504,Pouerua,Kaeo
Suco2014952,Artefact,NAP11_505,Pouerua,Kaeo
Suco2014953,Artefact,NAP11_506,Pouerua,Kaeo
Suco2014954,Artefact,NAP11_507,Pouerua,Kaeo
Suco2014955,Artefact,NAP11_508,Pouerua,Kaeo
Suco2014956,Artefact,NAP11_509,Pouerua,Kaeo
Suco2014957,Artefact,NAP11_510,Pouerua,Kaeo
Suco2014958,Artefact,NAP11_511,Pouerua,Kaeo
Suco2014959,Artefact,NAP11_512,Pouerua,Kaeo
Suco2014960,Artefact,NAP11_513,Pouerua,Kaeo
Suco2014961,Artefact,NAP11_514,Pouerua,Kaeo
Suco2014962,Artefact,NAP11_515,Pouerua,Kaeo
Suco2014963,Artefact,NAP11_516,Pouerua,Kaeo
Suco2014964,Artefact,NAP11_517,Pouerua,Kaeo
Suco2014965,Artefact,NAP11_518,Pouerua,Kaeo
Suco2014966,Artefact,NAP11_519,Pouerua,Kaeo
Suco2014967,Artefact,NAP11_521,Pouerua,Kaeo
Suco2014968,Artefact,NAP11_522,Pouerua,Kaeo
Suco2014969,Artefact,NAP11_523,Pouerua,Kaeo
Suco2014970,Artefact,NAP11_524,Pouerua,Kaeo
Suco2014971,Artefact,NAP11_525,Pouerua,Huruiki
Suco2014972,Artefact,NAP11_526,Pouerua,Kaeo
Suco2014973,Artefact,NAP11_527,Pouerua,Kaeo
Suco2014974,Artefact,NAP11_528,Pouerua,Kaeo
Suco2014975,Artefact,NAP11_529,Pouerua,Kaeo
Suco2014976,Artefact,NAP11_530,Pouerua,Kaeo
Suco2014977,Artefact,NAP11_531,Pouerua,Kaeo
Suco2014978,Artefact,NAP11_532,Pouerua,Kaeo
Suco2014979,Artefact,NAP11_533,Pouerua,Kaeo
Suco2014980,Artefact,NAP11_534,Pouerua,Kaeo
Suco2014981,Artefact,NAP11_535,Pouerua,Kaeo
Suco2014982,Artefact,NAP11_536,Pouerua,Kaeo
Suco2014983,Artefact,NAP11_537,Pouerua,Kaeo
Suco2014984,Artefact,NAP11_538,Pouerua,Kaeo
Suco2014985,Artefact,NAP11_539,Pouerua,Kaeo
Suco2014986,Artefact,NAP11_540,Pouerua,Kaeo
Suco2014987,Artefact,NAP11_541,Pouerua,Kaeo
Suco2014988,Artefact,NAP11_543,Pouerua,Kaeo
Suco2014989,Artefact,NAP11_544,Pouerua,Kaeo
Suco2014990,Artefact,NAP11_545,Pouerua,Kaeo
Suco2014991,Artefact,NAP11_546,Pouerua,Kaeo
Suco2014992,Artefact,NAP11_547,Pouerua,Kaeo
Suco2014993,Artefact,NAP11_548,Pouerua,Kaeo
Suco2014994,Artefact,NAP11_549,Pouerua,Kaeo
Suco2014995,Artefact,NAP11_550,Pouerua,Kaeo
Suco2014996,Artefact,NAP11_551,Pouerua,Kaeo
Suco2014997,Artefact,NAP11_552,Pouerua,Huruiki
Suco2014998,Artefact,NAP11_553,Pouerua,Kaeo
Suco2014999,Artefact,NAP11_554,Pouerua,Kaeo
Suco20141000,Artefact,NAP11_555,Pouerua,Kaeo
Suco20141001,Artefact,NAP11_556,Pouerua,Kaeo
Suco20141002,Artefact,NAP11_557,Pouerua,Kaeo
Suco20141003,Artefact,NAP11_558,Pouerua,Kaeo
Suco20141004,Artefact,NAP11_559,Pouerua,Kaeo
Suco20141005,Artefact,NAP11_560,Pouerua,Kaeo
Suco20141006,Artefact,NAP11_561,Pouerua,Kaeo
Suco20141007,Artefact,NAP11_562,Pouerua,Kaeo
Suco20141008,Artefact,NAP11_563,Pouerua,Kaeo
Suco20141009,Artefact,NAP11_564,Pouerua,Kaeo
Suco20141010,Artefact,NAP11_565,Pouerua,Kaeo
Suco20141011,Artefact,NAP11_566,Pouerua,Kaeo
Suco20141012,Artefact,NAP11_567,Pouerua,Kaeo
Suco20141013,Artefact,NAP11_568,Pouerua,Kaeo
Suco20141014,Artefact,NAP11_569,Pouerua,Kaeo
Suco20141015,Artefact,NAP11_570,Pouerua,Kaeo
Suco20141016,Artefact,NAP11_571,Pouerua,Kaeo
Suco20141017,Artefact,NAP11_572,Pouerua,Kaeo
Suco20141018,Artefact,NAP11_573,Pouerua,Kaeo
Suco20141019,Artefact,NAP11_574,Pouerua,Kaeo
Suco20141020,Artefact,NAP11_575,Pouerua,Kaeo
Suco20141021,Artefact,NAP11_576,Pouerua,Kaeo
Suco20141022,Artefact,NAP11_577,Pouerua,Kaeo
Suco20141023,Artefact,NAP11_578,Pouerua,Kaeo
Suco20141024,Artefact,NAP11_579,Pouerua,Huruiki
Suco20141025,Artefact,NAP11_580,Pouerua,Kaeo
Suco20141026,Artefact,NAP11_581,Pouerua,Huruiki
Suco20141027,Artefact,NAP11_582,Pouerua,Huruiki
Suco20141028,Artefact,NAP11_583,Pouerua,Fanal Island
Suco20141029,Artefact,NAP11_584,Pouerua,Kaeo
Suco20141030,Artefact,NAP11_585,Pouerua,Huruiki
Suco20141031,Artefact,NAP11_586,Pouerua,Fanal Island
Suco20141032,Artefact,NAP11_587,Pouerua,Fanal Island
Suco20141033,Artefact,NAP11_588,Pouerua,Kaeo
Suco20141034,Artefact,NAP11_589,Pouerua,Kaeo
Suco20141035,Artefact,NAP11_590,Pouerua,Huruiki
Suco20141036,Artefact,NAP11_591,Pouerua,Kaeo
Suco20141037,Artefact,NAP11_592,Pouerua,Kaeo
Suco20141038,Artefact,NAP11_593,Pouerua,Huruiki
Suco20141039,Artefact,NAP11_594,Pouerua,Kaeo
Suco20141040,Artefact,NAP11_595,Pouerua,Kaeo
Suco20141041,Artefact,NAP11_596,Pouerua,Kaeo
Suco20141042,Artefact,NAP11_597,Pouerua,Kaeo
Suco20141043,Artefact,NAP11_598,Pouerua,Kaeo
Suco20141044,Artefact,NAP11_599,Pouerua,Kaeo
Suco20141045,Artefact,NAP11_600,Pouerua,Kaeo
Suco20141046,Artefact,NAP11_601,Pouerua,Kaeo
Suco20141047,Artefact,NAP11_602,Pouerua,Kaeo
Suco20141048,Artefact,NAP11_603,Pouerua,Huruiki
Suco20141049,Artefact,NAP11_604,Pouerua,Kaeo
Suco20141050,Artefact,NAP11_605,Pouerua,Kaeo
Suco20141051,Artefact,NAP11_606,Pouerua,Kaeo
Suco20141052,Artefact,NAP11_607,Pouerua,Kaeo
Suco20141053,Artefact,NAP11_608,Pouerua,Kaeo
Suco20141054,Artefact,NAP11_609,Pouerua,Huruiki
Suco20141055,Artefact,NAP11_610,Pouerua,Huruiki
Suco20141056,Artefact,NAP11_611,Pouerua,Kaeo
Suco20141057,Artefact,NAP11_612,Pouerua,Kaeo
Suco20141058,Artefact,NAP11_613,Pouerua,Kaeo
Suco20141059,Artefact,NAP11_614,Pouerua,Kaeo
Suco20141060,Artefact,NAP11_615,Pouerua,Kaeo
Suco20141061,Artefact,NAP11_616,Pouerua,Kaeo
Suco20141062,Artefact,NAP11_617,Pouerua,Kaeo
Suco20141063,Artefact,NAP11_618,Pouerua,Kaeo
Suco20141064,Artefact,NAP11_619,Pouerua,Huruiki
Suco20141065,Artefact,NAP11_620,Pouerua,Kaeo
Suco20141066,Artefact,NAP11_621,Pouerua,Kaeo
Suco20141067,Artefact,NAP11_622,Pouerua,Huruiki
Suco20141068,Artefact,NAP11_623,Pouerua,Kaeo
Suco20141069,Artefact,NAP11_321,,Taupo
