Study Area,XRF_Setting,Sample_Type,Source_Zone,Source_Specific,Sample_ID,Rb_ppm,Sr_ppm,Y_ppm,Zr_ppm,Nb_ppm,,,,
Mt Wellington,Green filter 40kv 8ma,Artefact,CVZ-CP,Cooks Bay,AR 3980b,138.0,70.2,29.4,152.6,10.2,,,,
Mt Wellington,Green filter 40kv 8ma,Artefact,CVZ-CP,Cooks Bay,AR 4035,100.2,52.6,26.7,129.1,7.2,,,,
Mt Wellington,Green filter 40kv 8ma,Artefact,CVZ-CP,Cooks Bay,AR 4049,116.6,67.7,29.7,147.5,11.7,,,,
Mt Wellington,Green filter 40kv 8ma,Artefact,CVZ-CP,Cooks Bay,MW 022,107.7,61.2,30.6,143.8,10.3,,,,
Bream Head,Green filter 40kv 8ma,Artefact,CVZ-N,Fanal Island,BH_FS_19_1,175.2,32.2,34.8,250.2,8.7,,,,
Bream Head,Green filter 40kv 8ma,Artefact,CVZ-N,Fanal Island,BH_FS_2_1,185.8,35.9,41.0,260.5,9.6,,,,
Bream Head,Green filter 40kv 8ma,Artefact,CVZ-N,Fanal Island,BH_FS_21_1,206.6,39.6,37.2,270.3,9.8,,,,
Bream Head,Green filter 40kv 8ma,Artefact,CVZ-N,Fanal Island,BH_FS_22_1,205.1,36.2,39.1,285.4,10.8,,,,
Bream Head,Green filter 40kv 8ma,Artefact,CVZ-N,Fanal Island,BH_FS_23_1,175.3,33.1,36.5,235.3,13.9,,,,
Bream Head,Green filter 40kv 8ma,Artefact,CVZ-N,Fanal Island,BH_FS_23_3,197.9,37.2,36.2,258.2,11.4,,,,
Bream Head,Green filter 40kv 8ma,Artefact,CVZ-N,Fanal Island,BH_FS_23_5,186.8,32.0,40.8,319.3,11.8,,,,
Bream Head,Green filter 40kv 8ma,Artefact,CVZ-N,Fanal Island,BH_FS_23_6,231.9,38.5,44.6,284.5,12.0,,,,
Bream Head,Green filter 40kv 8ma,Artefact,CVZ-N,Fanal Island,BH_FS_23_7,205.8,38.5,40.8,256.4,9.4,,,,
Bream Head,Green filter 40kv 8ma,Artefact,CVZ-N,Fanal Island,BH_FS_23_8,202.5,39.4,48.1,258.8,11.5,,,,
Bream Head,Green filter 40kv 8ma,Artefact,CVZ-N,Fanal Island,BH_FS_23_9,198.2,39.6,37.6,250.7,13.9,,,,
Bream Head,Green filter 40kv 8ma,Artefact,CVZ-N,Fanal Island,BH_FS_36_1,242.6,39.9,51.5,292.8,9.4,,,,
Mt Wellington,Green filter 40kv 8ma,Artefact,CVZ-N,Fanal Island,AR 4017c,206.5,42.7,42.2,270.0,11.8,,,,
Mt Wellington,Green filter 40kv 8ma,Artefact,CVZ-N,Fanal Island,AR 4017g,201.6,36.5,45.5,257.4,13.9,,,,
Mt Wellington,Green filter 40kv 8ma,Artefact,CVZ-N,Fanal Island,AR 4025b,194.2,39.3,46.7,244.4,14.1,,,,
Mt Wellington,Green filter 40kv 8ma,Artefact,CVZ-N,Fanal Island,AR 4027b,202.1,37.6,40.6,268.1,12.7,,,,
Mt Wellington,Green filter 40kv 8ma,Artefact,CVZ-N,Fanal Island,AR 4031c,182.4,26.6,35.9,188.2,7.5,,,,
Mt Wellington,Green filter 40kv 8ma,Artefact,CVZ-CP,Hahei,AR 3996,137.1,93.4,35.9,192.2,9.9,,,,
Mt Wellington,Green filter 40kv 8ma,Artefact,CVZ-CP,Hahei,AR 4001b,131.3,71.4,30.2,157.1,11.6,,,,
Mt Wellington,Green filter 40kv 8ma,Artefact,CVZ-CP,Hahei,AR 4006b,148.5,98.1,31.6,261.7,10.3,,,,
Bream Head,Green filter 40kv 8ma,Artefact,CVZ-N,Huruiki,BH_FS_32_4,156.2,40.0,37.4,155.2,11.5,,,,
Helena Bay,Green filter 40kv 8ma,Artefact,CVZ-N,Huruiki,HB_FS_11_1,135.3,37.9,36.6,162.4,10.9,,,,
Helena Bay,Green filter 40kv 8ma,Artefact,CVZ-N,Huruiki,HB_FS_11_2,142.5,37.7,32.4,155.6,13.5,,,,
Helena Bay,Green filter 40kv 8ma,Artefact,CVZ-N,Huruiki,HB_FS_12_1,142.4,45.1,37.7,183.4,11.4,,,,
Helena Bay,Green filter 40kv 8ma,Artefact,CVZ-N,Huruiki,HB_FS_12_2,160.3,40.0,39.3,177.0,12.5,,,,
Helena Bay,Green filter 40kv 8ma,Artefact,CVZ-N,Huruiki,HB_FS_12_3,153.7,34.0,38.6,166.5,14.0,,,,
Helena Bay,Green filter 40kv 8ma,Artefact,CVZ-N,Huruiki,HB_FS_13,147.1,36.5,37.3,151.8,10.9,,,,
Helena Bay,Green filter 40kv 8ma,Artefact,CVZ-N,Huruiki,HB_FS_17_10,163.1,39.3,38.0,171.2,10.4,,,,
Helena Bay,Green filter 40kv 8ma,Artefact,CVZ-N,Huruiki,HB_FS_17_2,125.1,37.0,35.9,164.0,11.3,,,,
Helena Bay,Green filter 40kv 8ma,Artefact,CVZ-N,Huruiki,HB_FS_17_3,144.3,35.1,34.4,162.4,14.7,,,,
Helena Bay,Green filter 40kv 8ma,Artefact,CVZ-N,Huruiki,HB_FS_17_4,132.5,40.3,36.0,155.7,9.7,,,,
Helena Bay,Green filter 40kv 8ma,Artefact,CVZ-N,Huruiki,HB_FS_17_5,142.9,34.6,35.3,173.9,11.8,,,,
Helena Bay,Green filter 40kv 8ma,Artefact,CVZ-N,Huruiki,HB_FS_17_6,138.4,38.7,36.4,176.0,11.4,,,,
Helena Bay,Green filter 40kv 8ma,Artefact,CVZ-N,Huruiki,HB_FS_17_7,146.8,37.0,34.7,163.2,11.0,,,,
Helena Bay,Green filter 40kv 8ma,Artefact,CVZ-N,Huruiki,HB_FS_17_8,139.6,38.8,35.8,164.3,13.8,,,,
Helena Bay,Green filter 40kv 8ma,Artefact,CVZ-N,Huruiki,HB_FS_17_9,127.1,38.2,40.6,145.0,10.1,,,,
Helena Bay,Green filter 40kv 8ma,Artefact,CVZ-N,Huruiki,HB_FS_19_1,133.1,37.4,35.1,179.6,13.1,,,,
Helena Bay,Green filter 40kv 8ma,Artefact,CVZ-N,Huruiki,HB_FS_19_10,141.2,36.1,31.9,151.0,12.7,,,,
Helena Bay,Green filter 40kv 8ma,Artefact,CVZ-N,Huruiki,HB_FS_19_11,139.4,36.8,39.3,165.9,11.7,,,,
Helena Bay,Green filter 40kv 8ma,Artefact,CVZ-N,Huruiki,HB_FS_19_12,143.2,38.0,35.7,167.3,13.1,,,,
Helena Bay,Green filter 40kv 8ma,Artefact,CVZ-N,Huruiki,HB_FS_19_13,134.1,36.4,36.9,164.9,10.6,,,,
Helena Bay,Green filter 40kv 8ma,Artefact,CVZ-N,Huruiki,HB_FS_19_14,148.0,39.9,39.3,180.4,10.3,,,,
Helena Bay,Green filter 40kv 8ma,Artefact,CVZ-N,Huruiki,HB_FS_19_15,131.2,38.6,36.4,158.1,12.7,,,,
Helena Bay,Green filter 40kv 8ma,Artefact,CVZ-N,Huruiki,HB_FS_19_16,136.0,32.8,41.6,175.3,11.8,,,,
Helena Bay,Green filter 40kv 8ma,Artefact,CVZ-N,Huruiki,HB_FS_19_17,147.7,44.1,39.7,172.5,10.4,,,,
Helena Bay,Green filter 40kv 8ma,Artefact,CVZ-N,Huruiki,HB_FS_19_18,139.0,39.7,39.0,171.3,7.4,,,,
Helena Bay,Green filter 40kv 8ma,Artefact,CVZ-N,Huruiki,HB_FS_19_19,141.4,36.4,34.1,160.6,12.2,,,,
Helena Bay,Green filter 40kv 8ma,Artefact,CVZ-N,Huruiki,HB_FS_19_2,140.1,40.1,34.2,148.3,11.0,,,,
Helena Bay,Green filter 40kv 8ma,Artefact,CVZ-N,Huruiki,HB_FS_19_20,149.3,38.3,33.6,170.5,13.7,,,,
Helena Bay,Green filter 40kv 8ma,Artefact,CVZ-N,Huruiki,HB_FS_19_21,133.3,37.1,35.3,163.1,10.4,,,,
Helena Bay,Green filter 40kv 8ma,Artefact,CVZ-N,Huruiki,HB_FS_19_22,142.2,38.8,33.2,179.0,11.0,,,,
Helena Bay,Green filter 40kv 8ma,Artefact,CVZ-N,Huruiki,HB_FS_19_23,137.4,33.6,34.3,158.1,11.5,,,,
Helena Bay,Green filter 40kv 8ma,Artefact,CVZ-N,Huruiki,HB_FS_19_24,151.4,33.9,37.6,165.7,13.0,,,,
Helena Bay,Green filter 40kv 8ma,Artefact,CVZ-N,Huruiki,HB_FS_19_25,146.2,38.2,33.5,184.7,11.1,,,,
Helena Bay,Green filter 40kv 8ma,Artefact,CVZ-N,Huruiki,HB_FS_19_26,141.8,37.9,37.0,169.3,11.1,,,,
Helena Bay,Green filter 40kv 8ma,Artefact,CVZ-N,Huruiki,HB_FS_19_27,158.4,44.1,40.3,196.3,14.0,,,,
Helena Bay,Green filter 40kv 8ma,Artefact,CVZ-N,Huruiki,HB_FS_19_28,153.8,40.4,40.0,163.8,12.7,,,,
Helena Bay,Green filter 40kv 8ma,Artefact,CVZ-N,Huruiki,HB_FS_19_29,135.1,38.6,40.2,177.6,11.9,,,,
Helena Bay,Green filter 40kv 8ma,Artefact,CVZ-N,Huruiki,HB_FS_19_3,135.8,38.1,35.5,171.3,10.7,,,,
Helena Bay,Green filter 40kv 8ma,Artefact,CVZ-N,Huruiki,HB_FS_19_30,149.8,43.5,42.4,185.3,13.0,,,,
Helena Bay,Green filter 40kv 8ma,Artefact,CVZ-N,Huruiki,HB_FS_19_31,138.4,39.7,39.4,167.5,9.8,,,,
Helena Bay,Green filter 40kv 8ma,Artefact,CVZ-N,Huruiki,HB_FS_19_32,152.5,39.9,36.3,160.9,12.5,,,,
Helena Bay,Green filter 40kv 8ma,Artefact,CVZ-N,Huruiki,HB_FS_19_33,154.1,43.9,41.9,174.4,13.0,,,,
Helena Bay,Green filter 40kv 8ma,Artefact,CVZ-N,Huruiki,HB_FS_19_34,164.8,43.7,39.3,174.2,9.4,,,,
Helena Bay,Green filter 40kv 8ma,Artefact,CVZ-N,Huruiki,HB_FS_19_35,143.0,36.8,41.9,145.2,11.1,,,,
Helena Bay,Green filter 40kv 8ma,Artefact,CVZ-N,Huruiki,HB_FS_19_36,118.6,35.7,44.5,137.9,6.7,,,,
Helena Bay,Green filter 40kv 8ma,Artefact,CVZ-N,Huruiki,HB_FS_19_4,144.6,35.6,29.5,148.4,12.5,,,,
Helena Bay,Green filter 40kv 8ma,Artefact,CVZ-N,Huruiki,HB_FS_19_5,141.8,39.6,37.3,166.2,10.1,,,,
Helena Bay,Green filter 40kv 8ma,Artefact,CVZ-N,Huruiki,HB_FS_19_6,132.5,36.6,33.6,148.6,8.5,,,,
Helena Bay,Green filter 40kv 8ma,Artefact,CVZ-N,Huruiki,HB_FS_19_7,140.2,33.6,37.0,156.3,10.6,,,,
Helena Bay,Green filter 40kv 8ma,Artefact,CVZ-N,Huruiki,HB_FS_19_8,129.1,34.4,33.8,157.7,12.0,,,,
Helena Bay,Green filter 40kv 8ma,Artefact,CVZ-N,Huruiki,HB_FS_19_9,129.0,38.7,39.3,161.3,11.4,,,,
Helena Bay,Green filter 40kv 8ma,Artefact,CVZ-N,Huruiki,HB_FS_20_1,149.4,37.1,34.0,156.5,13.1,,,,
Helena Bay,Green filter 40kv 8ma,Artefact,CVZ-N,Huruiki,HB_FS_20_2,148.7,37.5,37.2,165.2,10.3,,,,
Helena Bay,Green filter 40kv 8ma,Artefact,CVZ-N,Huruiki,HB_FS_20_3,134.5,38.0,38.1,161.2,11.7,,,,
Helena Bay,Green filter 40kv 8ma,Artefact,CVZ-N,Huruiki,HB_FS_21_1,141.4,37.5,33.6,165.3,11.0,,,,
Helena Bay,Green filter 40kv 8ma,Artefact,CVZ-N,Huruiki,HB_FS_21_10,110.4,48.3,31.6,171.3,7.1,,,,
Helena Bay,Green filter 40kv 8ma,Artefact,CVZ-N,Huruiki,HB_FS_21_11,150.1,33.1,37.1,164.4,13.3,,,,
Helena Bay,Green filter 40kv 8ma,Artefact,CVZ-N,Huruiki,HB_FS_21_12,157.1,41.7,35.1,163.6,8.7,,,,
Helena Bay,Green filter 40kv 8ma,Artefact,CVZ-N,Huruiki,HB_FS_21_13,126.4,34.3,32.6,156.0,12.7,,,,
Helena Bay,Green filter 40kv 8ma,Artefact,CVZ-N,Huruiki,HB_FS_21_14,132.3,35.7,32.7,144.4,10.2,,,,
Helena Bay,Green filter 40kv 8ma,Artefact,CVZ-N,Huruiki,HB_FS_21_15,141.2,31.8,38.0,164.1,13.4,,,,
Helena Bay,Green filter 40kv 8ma,Artefact,CVZ-N,Huruiki,HB_FS_21_16,133.1,38.7,31.8,159.5,10.5,,,,
Helena Bay,Green filter 40kv 8ma,Artefact,CVZ-N,Huruiki,HB_FS_21_17,139.2,39.4,32.6,155.0,12.9,,,,
Helena Bay,Green filter 40kv 8ma,Artefact,CVZ-N,Huruiki,HB_FS_21_18,130.3,37.2,37.1,158.0,8.5,,,,
Helena Bay,Green filter 40kv 8ma,Artefact,CVZ-N,Huruiki,HB_FS_21_19,144.3,38.0,36.9,200.4,9.4,,,,
Helena Bay,Green filter 40kv 8ma,Artefact,CVZ-N,Huruiki,HB_FS_21_2,133.3,36.2,31.3,147.8,10.2,,,,
Helena Bay,Green filter 40kv 8ma,Artefact,CVZ-N,Huruiki,HB_FS_21_20,141.7,39.5,36.0,168.4,11.1,,,,
Helena Bay,Green filter 40kv 8ma,Artefact,CVZ-N,Huruiki,HB_FS_21_21,135.3,39.5,36.8,168.5,10.7,,,,
Helena Bay,Green filter 40kv 8ma,Artefact,CVZ-N,Huruiki,HB_FS_21_22,144.0,41.2,35.7,174.2,15.6,,,,
Helena Bay,Green filter 40kv 8ma,Artefact,CVZ-N,Huruiki,HB_FS_21_23,123.0,35.1,34.3,148.3,13.0,,,,
Helena Bay,Green filter 40kv 8ma,Artefact,CVZ-N,Huruiki,HB_FS_21_24,130.5,43.4,34.7,152.9,10.6,,,,
Helena Bay,Green filter 40kv 8ma,Artefact,CVZ-N,Huruiki,HB_FS_21_25,129.8,35.0,38.7,158.6,11.4,,,,
Helena Bay,Green filter 40kv 8ma,Artefact,CVZ-N,Huruiki,HB_FS_21_26,126.0,39.2,32.3,157.7,9.9,,,,
Helena Bay,Green filter 40kv 8ma,Artefact,CVZ-N,Huruiki,HB_FS_21_27,147.4,37.4,36.9,173.6,11.5,,,,
Helena Bay,Green filter 40kv 8ma,Artefact,CVZ-N,Huruiki,HB_FS_21_28,152.0,36.3,34.1,147.3,10.2,,,,
Helena Bay,Green filter 40kv 8ma,Artefact,CVZ-N,Huruiki,HB_FS_21_29,119.0,33.6,35.5,147.9,12.3,,,,
Helena Bay,Green filter 40kv 8ma,Artefact,CVZ-N,Huruiki,HB_FS_21_3,132.1,35.2,34.8,150.8,10.1,,,,
Helena Bay,Green filter 40kv 8ma,Artefact,CVZ-N,Huruiki,HB_FS_21_30,123.0,34.6,34.1,150.5,10.3,,,,
Helena Bay,Green filter 40kv 8ma,Artefact,CVZ-N,Huruiki,HB_FS_21_31,111.6,27.0,32.6,134.8,8.4,,,,
Helena Bay,Green filter 40kv 8ma,Artefact,CVZ-N,Huruiki,HB_FS_21_32,127.3,35.9,32.3,152.5,11.0,,,,
Helena Bay,Green filter 40kv 8ma,Artefact,CVZ-N,Huruiki,HB_FS_21_33,157.9,44.1,40.5,179.1,12.8,,,,
Helena Bay,Green filter 40kv 8ma,Artefact,CVZ-N,Huruiki,HB_FS_21_34,156.1,40.3,41.4,176.6,12.1,,,,
Helena Bay,Green filter 40kv 8ma,Artefact,CVZ-N,Huruiki,HB_FS_21_35,148.7,40.0,37.3,167.7,13.0,,,,
Helena Bay,Green filter 40kv 8ma,Artefact,CVZ-N,Huruiki,HB_FS_21_36,151.7,36.9,34.4,163.8,13.8,,,,
Helena Bay,Green filter 40kv 8ma,Artefact,CVZ-N,Huruiki,HB_FS_21_37,137.1,37.0,32.4,150.9,11.5,,,,
Helena Bay,Green filter 40kv 8ma,Artefact,CVZ-N,Huruiki,HB_FS_21_38_1,146.6,39.4,34.2,163.5,12.8,,,,
Helena Bay,Green filter 40kv 8ma,Artefact,CVZ-N,Huruiki,HB_FS_21_38_2,139.7,38.4,37.0,153.3,12.4,,,,
Helena Bay,Green filter 40kv 8ma,Artefact,CVZ-N,Huruiki,HB_FS_21_39,135.4,35.6,34.4,162.9,14.5,,,,
Helena Bay,Green filter 40kv 8ma,Artefact,CVZ-N,Huruiki,HB_FS_21_4,143.5,35.7,35.2,159.4,11.9,,,,
Helena Bay,Green filter 40kv 8ma,Artefact,CVZ-N,Huruiki,HB_FS_21_40_1,155.6,44.0,38.9,180.6,12.6,,,,
Helena Bay,Green filter 40kv 8ma,Artefact,CVZ-N,Huruiki,HB_FS_21_40_2,140.2,40.5,35.4,163.9,10.1,,,,
Helena Bay,Green filter 40kv 8ma,Artefact,CVZ-N,Huruiki,HB_FS_21_41,144.9,35.1,36.8,160.2,15.7,,,,
Helena Bay,Green filter 40kv 8ma,Artefact,CVZ-N,Huruiki,HB_FS_21_42,139.4,38.8,33.9,160.4,12.6,,,,
Helena Bay,Green filter 40kv 8ma,Artefact,CVZ-N,Huruiki,HB_FS_21_43,144.4,37.3,35.6,168.6,12.2,,,,
Helena Bay,Green filter 40kv 8ma,Artefact,CVZ-N,Huruiki,HB_FS_21_44,136.5,39.5,35.7,159.4,12.0,,,,
Helena Bay,Green filter 40kv 8ma,Artefact,CVZ-N,Huruiki,HB_FS_21_45,130.6,34.5,35.4,164.8,10.8,,,,
Helena Bay,Green filter 40kv 8ma,Artefact,CVZ-N,Huruiki,HB_FS_21_46,142.4,43.7,36.0,172.2,11.9,,,,
Helena Bay,Green filter 40kv 8ma,Artefact,CVZ-N,Huruiki,HB_FS_21_47_1,131.6,39.2,33.0,160.6,13.5,,,,
Helena Bay,Green filter 40kv 8ma,Artefact,CVZ-N,Huruiki,HB_FS_21_47_2,121.5,35.3,33.4,143.7,12.6,,,,
Helena Bay,Green filter 40kv 8ma,Artefact,CVZ-N,Huruiki,HB_FS_21_47_3,137.7,39.1,37.2,170.8,10.2,,,,
Helena Bay,Green filter 40kv 8ma,Artefact,CVZ-N,Huruiki,HB_FS_21_47_4,139.6,36.1,33.0,167.6,13.0,,,,
Helena Bay,Green filter 40kv 8ma,Artefact,CVZ-N,Huruiki,HB_FS_21_48_1,129.7,34.3,30.9,142.8,13.0,,,,
Helena Bay,Green filter 40kv 8ma,Artefact,CVZ-N,Huruiki,HB_FS_21_48_2,130.2,35.3,33.9,155.6,10.3,,,,
Helena Bay,Green filter 40kv 8ma,Artefact,CVZ-N,Huruiki,HB_FS_21_49,135.8,36.8,35.7,151.5,9.7,,,,
Helena Bay,Green filter 40kv 8ma,Artefact,CVZ-N,Huruiki,HB_FS_21_5,144.5,37.7,38.2,166.4,11.6,,,,
Helena Bay,Green filter 40kv 8ma,Artefact,CVZ-N,Huruiki,HB_FS_21_50,137.8,39.9,38.2,166.7,11.8,,,,
Helena Bay,Green filter 40kv 8ma,Artefact,CVZ-N,Huruiki,HB_FS_21_51,137.1,34.7,36.4,169.5,12.3,,,,
Helena Bay,Green filter 40kv 8ma,Artefact,CVZ-N,Huruiki,HB_FS_21_52,138.6,37.7,40.9,162.9,10.0,,,,
Helena Bay,Green filter 40kv 8ma,Artefact,CVZ-N,Huruiki,HB_FS_21_53,136.0,38.6,35.4,165.2,9.6,,,,
Helena Bay,Green filter 40kv 8ma,Artefact,CVZ-N,Huruiki,HB_FS_21_54,131.3,37.1,35.6,161.2,11.0,,,,
Helena Bay,Green filter 40kv 8ma,Artefact,CVZ-N,Huruiki,HB_FS_21_55,154.6,40.7,37.5,175.3,12.8,,,,
Helena Bay,Green filter 40kv 8ma,Artefact,CVZ-N,Huruiki,HB_FS_21_56_1,117.7,32.7,35.7,143.8,9.7,,,,
Helena Bay,Green filter 40kv 8ma,Artefact,CVZ-N,Huruiki,HB_FS_21_56_10,136.2,36.0,32.0,160.2,12.1,,,,
Helena Bay,Green filter 40kv 8ma,Artefact,CVZ-N,Huruiki,HB_FS_21_56_11,131.1,34.1,35.4,152.3,12.7,,,,
Helena Bay,Green filter 40kv 8ma,Artefact,CVZ-N,Huruiki,HB_FS_21_56_12,134.4,34.0,34.8,152.2,10.4,,,,
Helena Bay,Green filter 40kv 8ma,Artefact,CVZ-N,Huruiki,HB_FS_21_56_13,139.1,39.1,38.0,164.2,9.4,,,,
Helena Bay,Green filter 40kv 8ma,Artefact,CVZ-N,Huruiki,HB_FS_21_56_14,142.0,41.6,38.6,166.9,10.5,,,,
Helena Bay,Green filter 40kv 8ma,Artefact,CVZ-N,Huruiki,HB_FS_21_56_15,125.8,33.0,32.2,178.0,13.8,,,,
Helena Bay,Green filter 40kv 8ma,Artefact,CVZ-N,Huruiki,HB_FS_21_56_16,133.4,35.7,40.3,159.4,10.3,,,,
Helena Bay,Green filter 40kv 8ma,Artefact,CVZ-N,Huruiki,HB_FS_21_56_17,107.3,34.1,40.7,102.7,6.0,,,,
Helena Bay,Green filter 40kv 8ma,Artefact,CVZ-N,Huruiki,HB_FS_21_56_2,135.2,39.3,37.8,168.6,10.8,,,,
Helena Bay,Green filter 40kv 8ma,Artefact,CVZ-N,Huruiki,HB_FS_21_56_3,113.0,30.4,31.2,134.8,9.2,,,,
Helena Bay,Green filter 40kv 8ma,Artefact,CVZ-N,Huruiki,HB_FS_21_56_4,131.1,36.6,35.0,164.8,10.6,,,,
Helena Bay,Green filter 40kv 8ma,Artefact,CVZ-N,Huruiki,HB_FS_21_56_5,126.1,33.5,31.2,133.6,7.4,,,,
Helena Bay,Green filter 40kv 8ma,Artefact,CVZ-N,Huruiki,HB_FS_21_56_6,130.9,35.8,31.2,160.3,12.0,,,,
Helena Bay,Green filter 40kv 8ma,Artefact,CVZ-N,Huruiki,HB_FS_21_56_7,144.3,44.9,38.8,185.4,11.9,,,,
Helena Bay,Green filter 40kv 8ma,Artefact,CVZ-N,Huruiki,HB_FS_21_56_8,142.7,46.8,38.1,173.4,12.9,,,,
Helena Bay,Green filter 40kv 8ma,Artefact,CVZ-N,Huruiki,HB_FS_21_56_9,126.6,36.6,35.9,152.5,10.8,,,,
Helena Bay,Green filter 40kv 8ma,Artefact,CVZ-N,Huruiki,HB_FS_21_57_1,148.2,40.0,33.4,162.2,13.0,,,,
Helena Bay,Green filter 40kv 8ma,Artefact,CVZ-N,Huruiki,HB_FS_21_57_10,110.8,36.1,32.1,141.5,11.8,,,,
Helena Bay,Green filter 40kv 8ma,Artefact,CVZ-N,Huruiki,HB_FS_21_57_11,139.3,36.8,33.9,158.0,12.0,,,,
Helena Bay,Green filter 40kv 8ma,Artefact,CVZ-N,Huruiki,HB_FS_21_57_12,132.8,40.3,37.8,174.6,12.9,,,,
Helena Bay,Green filter 40kv 8ma,Artefact,CVZ-N,Huruiki,HB_FS_21_57_13,136.7,34.8,36.0,161.2,12.1,,,,
Helena Bay,Green filter 40kv 8ma,Artefact,CVZ-N,Huruiki,HB_FS_21_57_14,153.9,43.5,35.6,171.3,10.9,,,,
Helena Bay,Green filter 40kv 8ma,Artefact,CVZ-N,Huruiki,HB_FS_21_57_15,135.8,43.8,38.4,177.0,11.1,,,,
Helena Bay,Green filter 40kv 8ma,Artefact,CVZ-N,Huruiki,HB_FS_21_57_16,140.2,42.0,36.5,167.2,13.5,,,,
Helena Bay,Green filter 40kv 8ma,Artefact,CVZ-N,Huruiki,HB_FS_21_57_17,145.7,41.4,35.9,160.2,13.8,,,,
Helena Bay,Green filter 40kv 8ma,Artefact,CVZ-N,Huruiki,HB_FS_21_57_18,141.8,37.9,37.2,188.0,12.4,,,,
Helena Bay,Green filter 40kv 8ma,Artefact,CVZ-N,Huruiki,HB_FS_21_57_19,135.5,41.5,39.4,162.7,11.8,,,,
Helena Bay,Green filter 40kv 8ma,Artefact,CVZ-N,Huruiki,HB_FS_21_57_2,130.5,37.0,38.4,160.9,11.7,,,,
Helena Bay,Green filter 40kv 8ma,Artefact,CVZ-N,Huruiki,HB_FS_21_57_20,142.6,41.9,34.0,164.4,13.0,,,,
Helena Bay,Green filter 40kv 8ma,Artefact,CVZ-N,Huruiki,HB_FS_21_57_21,128.6,37.4,37.2,172.1,9.4,,,,
Helena Bay,Green filter 40kv 8ma,Artefact,CVZ-N,Huruiki,HB_FS_21_57_22,154.6,36.5,37.5,172.9,13.0,,,,
Helena Bay,Green filter 40kv 8ma,Artefact,CVZ-N,Huruiki,HB_FS_21_57_23,141.4,43.8,37.3,168.4,10.1,,,,
Helena Bay,Green filter 40kv 8ma,Artefact,CVZ-N,Huruiki,HB_FS_21_57_24,133.3,36.2,34.4,174.0,12.3,,,,
Helena Bay,Green filter 40kv 8ma,Artefact,CVZ-N,Huruiki,HB_FS_21_57_25,129.4,34.8,36.9,174.0,11.7,,,,
Helena Bay,Green filter 40kv 8ma,Artefact,CVZ-N,Huruiki,HB_FS_21_57_26,138.3,34.9,37.6,159.4,12.3,,,,
Helena Bay,Green filter 40kv 8ma,Artefact,CVZ-N,Huruiki,HB_FS_21_57_27,159.6,39.7,40.7,185.7,16.5,,,,
Helena Bay,Green filter 40kv 8ma,Artefact,CVZ-N,Huruiki,HB_FS_21_57_28,149.7,39.7,44.2,186.3,13.9,,,,
Helena Bay,Green filter 40kv 8ma,Artefact,CVZ-N,Huruiki,HB_FS_21_57_29,172.1,41.9,39.9,192.2,11.0,,,,
Helena Bay,Green filter 40kv 8ma,Artefact,CVZ-N,Huruiki,HB_FS_21_57_3,140.8,36.3,37.8,154.2,9.5,,,,
Helena Bay,Green filter 40kv 8ma,Artefact,CVZ-N,Huruiki,HB_FS_21_57_30,135.1,38.7,36.7,176.6,10.2,,,,
Helena Bay,Green filter 40kv 8ma,Artefact,CVZ-N,Huruiki,HB_FS_21_57_31,160.6,38.7,37.5,179.2,11.9,,,,
Helena Bay,Green filter 40kv 8ma,Artefact,CVZ-N,Huruiki,HB_FS_21_57_33,142.6,36.9,34.9,157.3,12.0,,,,
Helena Bay,Green filter 40kv 8ma,Artefact,CVZ-N,Huruiki,HB_FS_21_57_34,163.4,37.9,38.1,174.7,14.0,,,,
Helena Bay,Green filter 40kv 8ma,Artefact,CVZ-N,Huruiki,HB_FS_21_57_35,146.7,37.2,40.2,162.0,11.3,,,,
Helena Bay,Green filter 40kv 8ma,Artefact,CVZ-N,Huruiki,HB_FS_21_57_36,140.1,39.8,33.4,151.8,9.6,,,,
Helena Bay,Green filter 40kv 8ma,Artefact,CVZ-N,Huruiki,HB_FS_21_57_37,156.4,43.7,39.2,175.5,13.2,,,,
Helena Bay,Green filter 40kv 8ma,Artefact,CVZ-N,Huruiki,HB_FS_21_57_38,133.7,39.7,35.1,150.2,12.4,,,,
Helena Bay,Green filter 40kv 8ma,Artefact,CVZ-N,Huruiki,HB_FS_21_57_39,133.3,40.9,30.9,170.6,11.3,,,,
Helena Bay,Green filter 40kv 8ma,Artefact,CVZ-N,Huruiki,HB_FS_21_57_4,139.2,34.9,35.9,161.7,12.5,,,,
Helena Bay,Green filter 40kv 8ma,Artefact,CVZ-N,Huruiki,HB_FS_21_57_40,146.5,40.2,42.7,203.8,14.2,,,,
Helena Bay,Green filter 40kv 8ma,Artefact,CVZ-N,Huruiki,HB_FS_21_57_41,159.2,45.4,43.7,169.5,11.0,,,,
Helena Bay,Green filter 40kv 8ma,Artefact,CVZ-N,Huruiki,HB_FS_21_57_42,151.9,39.9,35.3,172.9,13.4,,,,
Helena Bay,Green filter 40kv 8ma,Artefact,CVZ-N,Huruiki,HB_FS_21_57_43,152.8,44.3,37.2,173.3,14.3,,,,
Helena Bay,Green filter 40kv 8ma,Artefact,CVZ-N,Huruiki,HB_FS_21_57_44,154.2,43.2,37.6,187.8,14.4,,,,
Helena Bay,Green filter 40kv 8ma,Artefact,CVZ-N,Huruiki,HB_FS_21_57_45,155.7,36.0,38.6,163.6,11.9,,,,
Helena Bay,Green filter 40kv 8ma,Artefact,CVZ-N,Huruiki,HB_FS_21_57_46,157.6,40.3,38.8,182.7,14.1,,,,
Helena Bay,Green filter 40kv 8ma,Artefact,CVZ-N,Huruiki,HB_FS_21_57_47,126.6,34.0,33.6,149.6,11.3,,,,
Helena Bay,Green filter 40kv 8ma,Artefact,CVZ-N,Huruiki,HB_FS_21_57_48,163.2,38.8,41.5,190.9,12.8,,,,
Helena Bay,Green filter 40kv 8ma,Artefact,CVZ-N,Huruiki,HB_FS_21_57_49,139.0,34.9,33.2,153.1,12.0,,,,
Helena Bay,Green filter 40kv 8ma,Artefact,CVZ-N,Huruiki,HB_FS_21_57_5,115.8,30.0,31.7,143.6,14.2,,,,
Helena Bay,Green filter 40kv 8ma,Artefact,CVZ-N,Huruiki,HB_FS_21_57_50,140.3,35.8,35.8,151.7,12.8,,,,
Helena Bay,Green filter 40kv 8ma,Artefact,CVZ-N,Huruiki,HB_FS_21_57_51,153.1,44.8,35.9,177.2,11.2,,,,
Helena Bay,Green filter 40kv 8ma,Artefact,CVZ-N,Huruiki,HB_FS_21_57_52,163.3,39.9,40.8,159.4,8.8,,,,
Helena Bay,Green filter 40kv 8ma,Artefact,CVZ-N,Huruiki,HB_FS_21_57_53,180.9,39.7,45.2,187.3,9.6,,,,
Helena Bay,Green filter 40kv 8ma,Artefact,CVZ-N,Huruiki,HB_FS_21_57_54,159.1,38.7,42.1,181.4,10.5,,,,
Helena Bay,Green filter 40kv 8ma,Artefact,CVZ-N,Huruiki,HB_FS_21_57_55,148.9,36.6,36.3,169.8,10.9,,,,
Helena Bay,Green filter 40kv 8ma,Artefact,CVZ-N,Huruiki,HB_FS_21_57_56,148.0,37.6,39.4,170.9,11.3,,,,
Helena Bay,Green filter 40kv 8ma,Artefact,CVZ-N,Huruiki,HB_FS_21_57_57,139.4,42.5,36.5,157.4,11.8,,,,
Helena Bay,Green filter 40kv 8ma,Artefact,CVZ-N,Huruiki,HB_FS_21_57_58,152.9,42.2,35.6,182.2,12.5,,,,
Helena Bay,Green filter 40kv 8ma,Artefact,CVZ-N,Huruiki,HB_FS_21_57_59,135.8,38.1,35.4,153.5,11.1,,,,
Helena Bay,Green filter 40kv 8ma,Artefact,CVZ-N,Huruiki,HB_FS_21_57_6,131.7,36.4,35.9,170.5,12.3,,,,
Helena Bay,Green filter 40kv 8ma,Artefact,CVZ-N,Huruiki,HB_FS_21_57_60,167.8,37.4,40.3,181.2,11.3,,,,
Helena Bay,Green filter 40kv 8ma,Artefact,CVZ-N,Huruiki,HB_FS_21_57_62,126.0,35.8,39.4,148.2,11.2,,,,
Helena Bay,Green filter 40kv 8ma,Artefact,CVZ-N,Huruiki,HB_FS_21_57_63,156.4,40.5,37.6,167.9,10.2,,,,
Helena Bay,Green filter 40kv 8ma,Artefact,CVZ-N,Huruiki,HB_FS_21_57_64,178.0,44.4,40.3,184.7,10.2,,,,
Helena Bay,Green filter 40kv 8ma,Artefact,CVZ-N,Huruiki,HB_FS_21_57_65,153.2,46.2,37.4,181.2,11.6,,,,
Helena Bay,Green filter 40kv 8ma,Artefact,CVZ-N,Huruiki,HB_FS_21_57_66,171.8,44.8,46.5,175.9,11.9,,,,
Helena Bay,Green filter 40kv 8ma,Artefact,CVZ-N,Huruiki,HB_FS_21_57_67,157.0,41.9,42.3,178.0,15.1,,,,
Helena Bay,Green filter 40kv 8ma,Artefact,CVZ-N,Huruiki,HB_FS_21_57_68,153.0,38.6,38.3,168.4,10.9,,,,
Helena Bay,Green filter 40kv 8ma,Artefact,CVZ-N,Huruiki,HB_FS_21_57_69,146.9,39.6,37.7,161.5,9.9,,,,
Helena Bay,Green filter 40kv 8ma,Artefact,CVZ-N,Huruiki,HB_FS_21_57_7,142.4,36.8,39.6,169.7,12.0,,,,
Helena Bay,Green filter 40kv 8ma,Artefact,CVZ-N,Huruiki,HB_FS_21_57_70,161.5,44.9,41.0,191.0,12.2,,,,
Helena Bay,Green filter 40kv 8ma,Artefact,CVZ-N,Huruiki,HB_FS_21_57_71,172.7,41.0,35.5,191.3,13.1,,,,
Helena Bay,Green filter 40kv 8ma,Artefact,CVZ-N,Huruiki,HB_FS_21_57_72,188.3,54.7,38.0,194.8,11.3,,,,
Helena Bay,Green filter 40kv 8ma,Artefact,CVZ-N,Huruiki,HB_FS_21_57_73,164.9,47.9,46.2,180.6,13.5,,,,
Helena Bay,Green filter 40kv 8ma,Artefact,CVZ-N,Huruiki,HB_FS_21_57_74,150.2,41.5,42.3,167.3,12.6,,,,
Helena Bay,Green filter 40kv 8ma,Artefact,CVZ-N,Huruiki,HB_FS_21_57_75,98.7,32.9,29.0,78.9,7.6,,,,
Helena Bay,Green filter 40kv 8ma,Artefact,CVZ-N,Huruiki,HB_FS_21_57_76,111.0,33.8,35.4,130.6,10.9,,,,
Helena Bay,Green filter 40kv 8ma,Artefact,CVZ-N,Huruiki,HB_FS_21_57_77,104.3,36.3,38.4,98.3,10.0,,,,
Helena Bay,Green filter 40kv 8ma,Artefact,CVZ-N,Huruiki,HB_FS_21_57_8,133.8,40.8,40.4,160.3,11.7,,,,
Helena Bay,Green filter 40kv 8ma,Artefact,CVZ-N,Huruiki,HB_FS_21_57_9,139.7,38.6,37.7,176.4,11.5,,,,
Helena Bay,Green filter 40kv 8ma,Artefact,CVZ-N,Huruiki,HB_FS_21_59_1,104.2,28.8,30.3,134.6,11.5,,,,
Helena Bay,Green filter 40kv 8ma,Artefact,CVZ-N,Huruiki,HB_FS_21_59_10,145.0,40.3,32.9,184.9,10.6,,,,
Helena Bay,Green filter 40kv 8ma,Artefact,CVZ-N,Huruiki,HB_FS_21_59_100,166.1,41.5,45.9,182.6,11.6,,,,
Helena Bay,Green filter 40kv 8ma,Artefact,CVZ-N,Huruiki,HB_FS_21_59_101,185.7,49.6,42.6,188.5,13.8,,,,
Helena Bay,Green filter 40kv 8ma,Artefact,CVZ-N,Huruiki,HB_FS_21_59_102,147.4,42.5,40.5,177.8,11.1,,,,
Helena Bay,Green filter 40kv 8ma,Artefact,CVZ-N,Huruiki,HB_FS_21_59_103,158.6,42.6,39.5,170.2,14.5,,,,
Helena Bay,Green filter 40kv 8ma,Artefact,CVZ-N,Huruiki,HB_FS_21_59_104,156.0,43.0,43.9,167.3,13.4,,,,
Helena Bay,Green filter 40kv 8ma,Artefact,CVZ-N,Huruiki,HB_FS_21_59_105,123.0,31.3,39.5,160.8,8.5,,,,
Helena Bay,Green filter 40kv 8ma,Artefact,CVZ-N,Huruiki,HB_FS_21_59_106,135.5,37.7,37.1,159.5,13.4,,,,
Helena Bay,Green filter 40kv 8ma,Artefact,CVZ-N,Huruiki,HB_FS_21_59_107,140.8,34.9,38.7,161.5,11.7,,,,
Helena Bay,Green filter 40kv 8ma,Artefact,CVZ-N,Huruiki,HB_FS_21_59_108,134.8,37.4,39.6,168.9,12.7,,,,
Helena Bay,Green filter 40kv 8ma,Artefact,CVZ-N,Huruiki,HB_FS_21_59_109,151.7,42.9,38.2,182.3,14.8,,,,
Helena Bay,Green filter 40kv 8ma,Artefact,CVZ-N,Huruiki,HB_FS_21_59_11,140.8,44.4,33.7,162.8,11.4,,,,
Helena Bay,Green filter 40kv 8ma,Artefact,CVZ-N,Huruiki,HB_FS_21_59_110,135.7,35.2,40.7,186.4,10.8,,,,
Helena Bay,Green filter 40kv 8ma,Artefact,CVZ-N,Huruiki,HB_FS_21_59_111,164.4,46.5,39.2,170.3,11.3,,,,
Helena Bay,Green filter 40kv 8ma,Artefact,CVZ-N,Huruiki,HB_FS_21_59_112,151.9,39.5,43.3,163.1,9.6,,,,
Helena Bay,Green filter 40kv 8ma,Artefact,CVZ-N,Huruiki,HB_FS_21_59_113,187.9,44.9,45.7,184.6,11.8,,,,
Helena Bay,Green filter 40kv 8ma,Artefact,CVZ-N,Huruiki,HB_FS_21_59_115,158.2,40.2,38.7,166.5,14.7,,,,
Helena Bay,Green filter 40kv 8ma,Artefact,CVZ-N,Huruiki,HB_FS_21_59_116,158.9,44.2,38.0,173.1,11.6,,,,
Helena Bay,Green filter 40kv 8ma,Artefact,CVZ-N,Huruiki,HB_FS_21_59_117,141.9,36.7,34.5,148.4,12.2,,,,
Helena Bay,Green filter 40kv 8ma,Artefact,CVZ-N,Huruiki,HB_FS_21_59_118,190.9,51.3,46.8,181.8,12.9,,,,
Helena Bay,Green filter 40kv 8ma,Artefact,CVZ-N,Huruiki,HB_FS_21_59_119,131.5,38.6,41.2,158.7,11.9,,,,
Helena Bay,Green filter 40kv 8ma,Artefact,CVZ-N,Huruiki,HB_FS_21_59_12,132.0,33.6,30.7,160.7,12.6,,,,
Helena Bay,Green filter 40kv 8ma,Artefact,CVZ-N,Huruiki,HB_FS_21_59_120,149.2,38.8,36.1,152.0,10.0,,,,
Helena Bay,Green filter 40kv 8ma,Artefact,CVZ-N,Huruiki,HB_FS_21_59_121,129.6,36.2,41.6,152.7,8.3,,,,
Helena Bay,Green filter 40kv 8ma,Artefact,CVZ-N,Huruiki,HB_FS_21_59_122,140.8,39.4,34.3,143.9,6.6,,,,
Helena Bay,Green filter 40kv 8ma,Artefact,CVZ-N,Huruiki,HB_FS_21_59_123,134.9,40.1,39.0,130.9,13.9,,,,
Helena Bay,Green filter 40kv 8ma,Artefact,CVZ-N,Huruiki,HB_FS_21_59_13,141.0,41.5,35.7,163.6,14.1,,,,
Helena Bay,Green filter 40kv 8ma,Artefact,CVZ-N,Huruiki,HB_FS_21_59_14,142.3,42.1,38.6,165.0,12.2,,,,
Helena Bay,Green filter 40kv 8ma,Artefact,CVZ-N,Huruiki,HB_FS_21_59_15,141.4,38.8,35.8,167.0,11.6,,,,
Helena Bay,Green filter 40kv 8ma,Artefact,CVZ-N,Huruiki,HB_FS_21_59_16,151.3,36.7,42.7,176.2,10.8,,,,
Helena Bay,Green filter 40kv 8ma,Artefact,CVZ-N,Huruiki,HB_FS_21_59_17,143.8,37.7,38.2,178.2,12.7,,,,
Helena Bay,Green filter 40kv 8ma,Artefact,CVZ-N,Huruiki,HB_FS_21_59_18,132.8,34.8,36.0,170.6,13.1,,,,
Helena Bay,Green filter 40kv 8ma,Artefact,CVZ-N,Huruiki,HB_FS_21_59_19,136.0,37.8,37.0,165.4,12.3,,,,
Helena Bay,Green filter 40kv 8ma,Artefact,CVZ-N,Huruiki,HB_FS_21_59_2,135.9,38.4,40.4,163.5,8.8,,,,
Helena Bay,Green filter 40kv 8ma,Artefact,CVZ-N,Huruiki,HB_FS_21_59_20,124.3,34.9,33.4,147.4,9.2,,,,
Helena Bay,Green filter 40kv 8ma,Artefact,CVZ-N,Huruiki,HB_FS_21_59_21,135.9,35.3,31.5,179.9,11.5,,,,
Helena Bay,Green filter 40kv 8ma,Artefact,CVZ-N,Huruiki,HB_FS_21_59_22,151.8,36.5,36.8,166.6,10.5,,,,
Helena Bay,Green filter 40kv 8ma,Artefact,CVZ-N,Huruiki,HB_FS_21_59_23,153.0,41.4,38.2,183.7,10.4,,,,
Helena Bay,Green filter 40kv 8ma,Artefact,CVZ-N,Huruiki,HB_FS_21_59_24,134.4,31.5,31.3,148.8,11.9,,,,
Helena Bay,Green filter 40kv 8ma,Artefact,CVZ-N,Huruiki,HB_FS_21_59_25,141.0,35.9,36.8,185.0,11.2,,,,
Helena Bay,Green filter 40kv 8ma,Artefact,CVZ-N,Huruiki,HB_FS_21_59_26,136.9,36.3,32.3,151.6,12.4,,,,
Helena Bay,Green filter 40kv 8ma,Artefact,CVZ-N,Huruiki,HB_FS_21_59_27,142.9,36.4,32.0,168.7,12.9,,,,
Helena Bay,Green filter 40kv 8ma,Artefact,CVZ-N,Huruiki,HB_FS_21_59_28,139.0,37.0,33.1,172.4,13.1,,,,
Helena Bay,Green filter 40kv 8ma,Artefact,CVZ-N,Huruiki,HB_FS_21_59_29,141.8,40.3,32.5,161.8,12.1,,,,
Helena Bay,Green filter 40kv 8ma,Artefact,CVZ-N,Huruiki,HB_FS_21_59_3,119.2,32.3,33.7,141.4,9.2,,,,
Helena Bay,Green filter 40kv 8ma,Artefact,CVZ-N,Huruiki,HB_FS_21_59_30,131.5,35.0,33.9,146.2,9.5,,,,
Helena Bay,Green filter 40kv 8ma,Artefact,CVZ-N,Huruiki,HB_FS_21_59_31,141.6,34.2,33.4,170.4,12.0,,,,
Helena Bay,Green filter 40kv 8ma,Artefact,CVZ-N,Huruiki,HB_FS_21_59_32,137.2,34.6,32.3,167.2,11.0,,,,
Helena Bay,Green filter 40kv 8ma,Artefact,CVZ-N,Huruiki,HB_FS_21_59_33,124.7,35.7,35.7,157.5,10.9,,,,
Helena Bay,Green filter 40kv 8ma,Artefact,CVZ-N,Huruiki,HB_FS_21_59_34,152.2,43.7,37.5,169.7,15.2,,,,
Helena Bay,Green filter 40kv 8ma,Artefact,CVZ-N,Huruiki,HB_FS_21_59_35,141.2,41.2,35.8,159.0,12.5,,,,
Helena Bay,Green filter 40kv 8ma,Artefact,CVZ-N,Huruiki,HB_FS_21_59_36,131.5,39.5,37.5,166.7,10.8,,,,
Helena Bay,Green filter 40kv 8ma,Artefact,CVZ-N,Huruiki,HB_FS_21_59_37,138.2,37.2,35.7,149.1,14.6,,,,
Helena Bay,Green filter 40kv 8ma,Artefact,CVZ-N,Huruiki,HB_FS_21_59_38,119.0,38.2,36.9,158.4,12.2,,,,
Helena Bay,Green filter 40kv 8ma,Artefact,CVZ-N,Huruiki,HB_FS_21_59_39,135.2,34.8,34.8,150.0,11.3,,,,
Helena Bay,Green filter 40kv 8ma,Artefact,CVZ-N,Huruiki,HB_FS_21_59_4,116.2,41.3,32.4,154.2,9.2,,,,
Helena Bay,Green filter 40kv 8ma,Artefact,CVZ-N,Huruiki,HB_FS_21_59_40,148.4,41.5,40.9,172.6,8.3,,,,
Helena Bay,Green filter 40kv 8ma,Artefact,CVZ-N,Huruiki,HB_FS_21_59_41,136.5,34.2,33.6,151.6,11.0,,,,
Helena Bay,Green filter 40kv 8ma,Artefact,CVZ-N,Huruiki,HB_FS_21_59_42,135.0,35.7,34.7,166.4,13.5,,,,
Helena Bay,Green filter 40kv 8ma,Artefact,CVZ-N,Huruiki,HB_FS_21_59_43,145.4,42.4,33.5,189.8,14.6,,,,
Helena Bay,Green filter 40kv 8ma,Artefact,CVZ-N,Huruiki,HB_FS_21_59_44,141.2,40.5,37.6,170.6,7.4,,,,
Helena Bay,Green filter 40kv 8ma,Artefact,CVZ-N,Huruiki,HB_FS_21_59_45,140.3,34.6,37.1,170.0,11.4,,,,
Helena Bay,Green filter 40kv 8ma,Artefact,CVZ-N,Huruiki,HB_FS_21_59_46,136.2,37.8,42.3,162.4,10.8,,,,
Helena Bay,Green filter 40kv 8ma,Artefact,CVZ-N,Huruiki,HB_FS_21_59_47,118.1,32.5,31.5,161.6,12.5,,,,
Helena Bay,Green filter 40kv 8ma,Artefact,CVZ-N,Huruiki,HB_FS_21_59_48,152.4,36.2,33.8,165.5,9.2,,,,
Helena Bay,Green filter 40kv 8ma,Artefact,CVZ-N,Huruiki,HB_FS_21_59_49,147.4,43.5,41.8,161.2,10.4,,,,
Helena Bay,Green filter 40kv 8ma,Artefact,CVZ-N,Huruiki,HB_FS_21_59_5,125.3,35.2,34.9,153.3,10.4,,,,
Helena Bay,Green filter 40kv 8ma,Artefact,CVZ-N,Huruiki,HB_FS_21_59_50,143.8,39.6,36.5,173.2,12.4,,,,
Helena Bay,Green filter 40kv 8ma,Artefact,CVZ-N,Huruiki,HB_FS_21_59_51,141.8,36.9,41.0,167.9,11.5,,,,
Helena Bay,Green filter 40kv 8ma,Artefact,CVZ-N,Huruiki,HB_FS_21_59_52,147.7,37.3,39.4,168.0,10.9,,,,
Helena Bay,Green filter 40kv 8ma,Artefact,CVZ-N,Huruiki,HB_FS_21_59_53,136.0,38.5,39.5,164.7,13.8,,,,
Helena Bay,Green filter 40kv 8ma,Artefact,CVZ-N,Huruiki,HB_FS_21_59_54,133.5,42.2,36.4,165.2,10.5,,,,
Helena Bay,Green filter 40kv 8ma,Artefact,CVZ-N,Huruiki,HB_FS_21_59_55,152.6,40.2,42.3,166.7,9.8,,,,
Helena Bay,Green filter 40kv 8ma,Artefact,CVZ-N,Huruiki,HB_FS_21_59_56,136.3,39.5,34.8,156.8,11.4,,,,
Helena Bay,Green filter 40kv 8ma,Artefact,CVZ-N,Huruiki,HB_FS_21_59_57,136.0,37.8,36.7,170.4,14.2,,,,
Helena Bay,Green filter 40kv 8ma,Artefact,CVZ-N,Huruiki,HB_FS_21_59_58,150.5,41.3,35.8,177.2,13.3,,,,
Helena Bay,Green filter 40kv 8ma,Artefact,CVZ-N,Huruiki,HB_FS_21_59_59,129.6,39.2,34.8,156.4,12.7,,,,
Helena Bay,Green filter 40kv 8ma,Artefact,CVZ-N,Huruiki,HB_FS_21_59_6,149.7,38.4,33.9,175.5,14.8,,,,
Helena Bay,Green filter 40kv 8ma,Artefact,CVZ-N,Huruiki,HB_FS_21_59_60,151.6,41.2,38.2,171.2,11.9,,,,
Helena Bay,Green filter 40kv 8ma,Artefact,CVZ-N,Huruiki,HB_FS_21_59_61,157.1,40.0,44.2,173.4,11.7,,,,
Helena Bay,Green filter 40kv 8ma,Artefact,CVZ-N,Huruiki,HB_FS_21_59_62,136.8,38.8,39.2,166.1,9.1,,,,
Helena Bay,Green filter 40kv 8ma,Artefact,CVZ-N,Huruiki,HB_FS_21_59_63,149.5,37.0,38.9,169.0,12.9,,,,
Helena Bay,Green filter 40kv 8ma,Artefact,CVZ-N,Huruiki,HB_FS_21_59_64,143.2,35.9,40.8,159.2,11.8,,,,
Helena Bay,Green filter 40kv 8ma,Artefact,CVZ-N,Huruiki,HB_FS_21_59_65,151.5,39.7,33.4,179.5,12.1,,,,
Helena Bay,Green filter 40kv 8ma,Artefact,CVZ-N,Huruiki,HB_FS_21_59_66,143.8,37.6,33.5,173.9,11.2,,,,
Helena Bay,Green filter 40kv 8ma,Artefact,CVZ-N,Huruiki,HB_FS_21_59_67,160.3,42.2,37.9,160.8,13.5,,,,
Helena Bay,Green filter 40kv 8ma,Artefact,CVZ-N,Huruiki,HB_FS_21_59_68,133.5,36.3,35.7,165.8,10.8,,,,
Helena Bay,Green filter 40kv 8ma,Artefact,CVZ-N,Huruiki,HB_FS_21_59_69,147.0,39.9,32.5,156.9,9.4,,,,
Helena Bay,Green filter 40kv 8ma,Artefact,CVZ-N,Huruiki,HB_FS_21_59_7,118.0,32.9,33.4,153.0,10.8,,,,
Helena Bay,Green filter 40kv 8ma,Artefact,CVZ-N,Huruiki,HB_FS_21_59_70,167.0,39.7,41.8,185.4,13.9,,,,
Helena Bay,Green filter 40kv 8ma,Artefact,CVZ-N,Huruiki,HB_FS_21_59_71,158.8,39.2,35.4,177.8,12.0,,,,
Helena Bay,Green filter 40kv 8ma,Artefact,CVZ-N,Huruiki,HB_FS_21_59_72,142.5,39.9,34.2,160.9,11.5,,,,
Helena Bay,Green filter 40kv 8ma,Artefact,CVZ-N,Huruiki,HB_FS_21_59_73,148.6,36.9,34.8,174.7,9.3,,,,
Helena Bay,Green filter 40kv 8ma,Artefact,CVZ-N,Huruiki,HB_FS_21_59_74,142.5,45.9,38.0,179.8,11.0,,,,
Helena Bay,Green filter 40kv 8ma,Artefact,CVZ-N,Huruiki,HB_FS_21_59_75,147.6,40.1,34.9,161.8,11.0,,,,
Helena Bay,Green filter 40kv 8ma,Artefact,CVZ-N,Huruiki,HB_FS_21_59_76,139.7,38.1,38.8,160.4,11.0,,,,
Helena Bay,Green filter 40kv 8ma,Artefact,CVZ-N,Huruiki,HB_FS_21_59_77,142.8,41.9,36.7,170.2,10.5,,,,
Helena Bay,Green filter 40kv 8ma,Artefact,CVZ-N,Huruiki,HB_FS_21_59_78,167.6,45.4,37.5,173.6,13.0,,,,
Helena Bay,Green filter 40kv 8ma,Artefact,CVZ-N,Huruiki,HB_FS_21_59_79,131.2,34.2,35.2,154.5,12.3,,,,
Helena Bay,Green filter 40kv 8ma,Artefact,CVZ-N,Huruiki,HB_FS_21_59_8,139.9,36.0,35.6,158.6,12.0,,,,
Helena Bay,Green filter 40kv 8ma,Artefact,CVZ-N,Huruiki,HB_FS_21_59_80,137.5,37.7,34.3,152.3,10.1,,,,
Helena Bay,Green filter 40kv 8ma,Artefact,CVZ-N,Huruiki,HB_FS_21_59_81,153.5,40.6,40.6,174.8,10.3,,,,
Helena Bay,Green filter 40kv 8ma,Artefact,CVZ-N,Huruiki,HB_FS_21_59_82,148.7,39.6,41.3,171.2,10.0,,,,
Helena Bay,Green filter 40kv 8ma,Artefact,CVZ-N,Huruiki,HB_FS_21_59_83,145.8,36.5,36.8,217.1,11.8,,,,
Helena Bay,Green filter 40kv 8ma,Artefact,CVZ-N,Huruiki,HB_FS_21_59_84,165.4,43.5,43.9,201.9,12.8,,,,
Helena Bay,Green filter 40kv 8ma,Artefact,CVZ-N,Huruiki,HB_FS_21_59_85,137.6,43.9,36.6,171.5,12.2,,,,
Helena Bay,Green filter 40kv 8ma,Artefact,CVZ-N,Huruiki,HB_FS_21_59_86,146.7,39.1,38.6,205.7,9.4,,,,
Helena Bay,Green filter 40kv 8ma,Artefact,CVZ-N,Huruiki,HB_FS_21_59_87,130.4,32.3,37.7,162.6,11.9,,,,
Helena Bay,Green filter 40kv 8ma,Artefact,CVZ-N,Huruiki,HB_FS_21_59_88,149.0,46.1,38.9,188.2,11.3,,,,
Helena Bay,Green filter 40kv 8ma,Artefact,CVZ-N,Huruiki,HB_FS_21_59_9,145.4,37.8,36.0,151.5,12.1,,,,
Helena Bay,Green filter 40kv 8ma,Artefact,CVZ-N,Huruiki,HB_FS_21_59_90,146.6,37.1,40.9,157.2,11.1,,,,
Helena Bay,Green filter 40kv 8ma,Artefact,CVZ-N,Huruiki,HB_FS_21_59_91,140.4,40.8,40.8,150.9,11.5,,,,
Helena Bay,Green filter 40kv 8ma,Artefact,CVZ-N,Huruiki,HB_FS_21_59_92,157.4,44.8,39.1,165.9,10.9,,,,
Helena Bay,Green filter 40kv 8ma,Artefact,CVZ-N,Huruiki,HB_FS_21_59_93,145.6,39.3,34.7,153.9,9.9,,,,
Helena Bay,Green filter 40kv 8ma,Artefact,CVZ-N,Huruiki,HB_FS_21_59_94,146.4,41.9,40.7,157.7,12.4,,,,
Helena Bay,Green filter 40kv 8ma,Artefact,CVZ-N,Huruiki,HB_FS_21_59_95,147.1,42.7,39.8,162.6,11.7,,,,
Helena Bay,Green filter 40kv 8ma,Artefact,CVZ-N,Huruiki,HB_FS_21_59_96,127.8,38.1,32.9,147.9,10.7,,,,
Helena Bay,Green filter 40kv 8ma,Artefact,CVZ-N,Huruiki,HB_FS_21_59_98,156.2,43.0,35.8,188.1,11.6,,,,
Helena Bay,Green filter 40kv 8ma,Artefact,CVZ-N,Huruiki,HB_FS_21_59_99,131.3,32.7,36.3,159.1,11.5,,,,
Helena Bay,Green filter 40kv 8ma,Artefact,CVZ-N,Huruiki,HB_FS_21_6,140.3,37.1,42.0,194.0,12.0,,,,
Helena Bay,Green filter 40kv 8ma,Artefact,CVZ-N,Huruiki,HB_FS_21_60,107.6,30.0,32.1,143.3,10.8,,,,
Helena Bay,Green filter 40kv 8ma,Artefact,CVZ-N,Huruiki,HB_FS_21_7,169.1,40.7,43.6,183.5,13.0,,,,
Helena Bay,Green filter 40kv 8ma,Artefact,CVZ-N,Huruiki,HB_FS_21_8,153.5,39.1,37.2,178.2,12.8,,,,
Helena Bay,Green filter 40kv 8ma,Artefact,CVZ-N,Huruiki,HB_FS_21_9,158.4,43.5,38.6,164.3,10.6,,,,
Helena Bay,Green filter 40kv 8ma,Artefact,CVZ-N,Huruiki,HB_FS_22,103.1,27.9,30.7,120.4,8.5,,,,
Mt Wellington,Green filter 40kv 8ma,Artefact,CVZ-N,Huruiki,AR 4020b,128.6,35.2,35.0,155.7,11.9,,,,
Bream Head,Green filter 40kv 8ma,Artefact,Mayor Island,Mayor Island,BH_FS_1_1,123.6,9.1,101.5,1079.3,83.7,,,,
Bream Head,Green filter 40kv 8ma,Artefact,Mayor Island,Mayor Island,BH_FS_11_1,151.2,12.1,101.0,1078.3,81.5,,,,
Bream Head,Green filter 40kv 8ma,Artefact,Mayor Island,Mayor Island,BH_FS_23_2,135.2,9.4,107.7,1149.5,82.1,,,,
Bream Head,Green filter 40kv 8ma,Artefact,Mayor Island,Mayor Island,BH_FS_3_1,139.8,6.5,118.1,1280.7,95.2,,,,
Bream Head,Green filter 40kv 8ma,Artefact,Mayor Island,Mayor Island,BH_FS_30_1,149.2,8.9,113.8,1211.9,89.0,,,,
Bream Head,Green filter 40kv 8ma,Artefact,Mayor Island,Mayor Island,BH_FS_31_1,154.7,7.5,127.7,1398.3,106.1,,,,
Bream Head,Green filter 40kv 8ma,Artefact,Mayor Island,Mayor Island,BH_FS_31_2,156.5,7.9,127.2,1330.8,92.0,,,,
Bream Head,Green filter 40kv 8ma,Artefact,Mayor Island,Mayor Island,BH_FS_31_3,170.5,8.1,136.4,1332.2,104.7,,,,
Bream Head,Green filter 40kv 8ma,Artefact,Mayor Island,Mayor Island,BH_FS_32_2,123.5,9.2,113.0,1199.9,94.3,,,,
Bream Head,Green filter 40kv 8ma,Artefact,Mayor Island,Mayor Island,BH_FS_33_1,151.8,8.6,101.0,1141.4,87.2,,,,
Bream Head,Green filter 40kv 8ma,Artefact,Mayor Island,Mayor Island,BH_FS_4_1,141.0,9.4,122.7,1318.5,96.7,,,,
Bream Head,Green filter 40kv 8ma,Artefact,Mayor Island,Mayor Island,BH_FS_4_2,142.3,8.3,118.1,1379.1,107.9,,,,
Bream Head,Green filter 40kv 8ma,Artefact,Mayor Island,Mayor Island,BH_FS_8_1,123.2,9.0,108.6,1081.5,71.7,,,,
Bream Head,Green filter 40kv 8ma,Artefact,Mayor Island,Mayor Island,BH_FS_82_1,133.4,9.4,106.4,1180.4,92.5,,,,
Bream Head,Green filter 40kv 8ma,Artefact,Mayor Island,Mayor Island,BH_FS_9_1,140.3,6.5,102.1,1136.5,86.9,,,,
Mt Wellington,Green filter 40kv 8ma,Artefact,Mayor Island,Mayor Island,AR3977,137.7,7.4,103.2,1130.6,86.1,,,,
Mt Wellington,Green filter 40kv 8ma,Artefact,Mayor Island,Mayor Island,AR3978,140.4,7.9,110.5,1174.7,84.2,,,,
Mt Wellington,Green filter 40kv 8ma,Artefact,Mayor Island,Mayor Island,AR3986,139.1,6.8,107.9,1133.8,91.5,,,,
Mt Wellington,Green filter 40kv 8ma,Artefact,Mayor Island,Mayor Island,AR3999,151.3,9.0,117.7,1387.8,107.3,,,,
Mt Wellington,Green filter 40kv 8ma,Artefact,Mayor Island,Mayor Island,AR4002,136.9,9.2,118.6,1309.1,97.2,,,,
Mt Wellington,Green filter 40kv 8ma,Artefact,Mayor Island,Mayor Island,AR4003,141.2,6.6,121.4,1309.6,100.7,,,,
Mt Wellington,Green filter 40kv 8ma,Artefact,Mayor Island,Mayor Island,AR4007,148.2,6.6,114.5,1193.5,87.6,,,,
Mt Wellington,Green filter 40kv 8ma,Artefact,Mayor Island,Mayor Island,AR4008,137.3,8.2,112.3,1183.9,84.8,,,,
Mt Wellington,Green filter 40kv 8ma,Artefact,Mayor Island,Mayor Island,AR4018b,148.3,9.2,105.5,1184.2,89.9,,,,
Mt Wellington,Green filter 40kv 8ma,Artefact,Mayor Island,Mayor Island,AR4019,137.5,8.5,113.4,1185.3,82.1,,,,
Mt Wellington,Green filter 40kv 8ma,Artefact,Mayor Island,Mayor Island,MW002b,134.6,8.8,103.9,1123.0,86.0,,,,
Mt Wellington,Green filter 40kv 8ma,Artefact,Mayor Island,Mayor Island,MW008b,123.5,9.8,102.0,1139.4,84.6,,,,
Mt Wellington,Green filter 40kv 8ma,Artefact,Mayor Island,Mayor Island,MW024a,154.7,9.4,133.8,1416.7,104.0,,,,
Mt Wellington,Green filter 40kv 8ma,Artefact,Mayor Island,Mayor Island,MW024b,138.6,9.8,136.8,1316.1,100.3,,,,
Mt Wellington,Green filter 40kv 8ma,Artefact,Mayor Island,Mayor Island,MW024c,148.3,9.8,130.1,1362.2,100.3,,,,
Mt Wellington,Green filter 40kv 8ma,Artefact,TVZ,Rotorua,AR 4010,120.7,66.2,28.0,134.6,9.4,,,,
Bream Head,Green filter 40kv 8ma,Artefact,CVZ-N,Te Ahumata,BH_FS_10_1,202.2,23.9,40.2,135.0,7.8,,,,
Bream Head,Green filter 40kv 8ma,Artefact,CVZ-N,Te Ahumata,BH_FS_23_4,193.0,25.9,39.8,132.3,9.0,,,,
Bream Head,Green filter 40kv 8ma,Artefact,CVZ-N,Te Ahumata,BH_FS_29_1,194.4,33.6,33.3,140.8,7.9,,,,
Bream Head,Green filter 40kv 8ma,Artefact,CVZ-N,Te Ahumata,BH_FS_32_1,193.0,28.4,39.5,139.1,9.0,,,,
Bream Head,Green filter 40kv 8ma,Artefact,CVZ-N,Te Ahumata,BH_FS_32_3,193.2,22.6,36.9,130.1,5.5,,,,
Mt Wellington,Green filter 40kv 8ma,Artefact,CVZ-N,Te Ahumata,AR 3976,183.3,25.4,34.4,131.4,11.4,,,,
Mt Wellington,Green filter 40kv 8ma,Artefact,CVZ-N,Te Ahumata,AR 3979,181.1,23.0,35.7,125.7,10.1,,,,
Mt Wellington,Green filter 40kv 8ma,Artefact,CVZ-N,Te Ahumata,AR 3980a,199.8,26.6,36.0,147.0,9.4,,,,
Mt Wellington,Green filter 40kv 8ma,Artefact,CVZ-N,Te Ahumata,AR 3984,186.5,27.1,37.8,137.2,10.7,,,,
Mt Wellington,Green filter 40kv 8ma,Artefact,CVZ-N,Te Ahumata,AR 3985,200.2,32.0,29.6,137.8,11.2,,,,
Mt Wellington,Green filter 40kv 8ma,Artefact,CVZ-N,Te Ahumata,AR 3987,185.6,24.4,39.1,135.2,10.5,,,,
Mt Wellington,Green filter 40kv 8ma,Artefact,CVZ-N,Te Ahumata,AR 3990,187.7,23.9,31.5,129.2,9.8,,,,
Mt Wellington,Green filter 40kv 8ma,Artefact,CVZ-N,Te Ahumata,AR 3994,179.8,33.2,35.8,135.8,8.2,,,,
Mt Wellington,Green filter 40kv 8ma,Artefact,CVZ-N,Te Ahumata,AR 3995,212.5,26.0,30.9,144.6,9.7,,,,
Mt Wellington,Green filter 40kv 8ma,Artefact,CVZ-N,Te Ahumata,AR 3997,201.9,28.1,33.1,130.9,9.4,,,,
Mt Wellington,Green filter 40kv 8ma,Artefact,CVZ-N,Te Ahumata,AR 4000,195.9,25.6,38.6,145.9,9.1,,,,
Mt Wellington,Green filter 40kv 8ma,Artefact,CVZ-N,Te Ahumata,AR 4001a,196.3,32.6,36.5,142.1,10.6,,,,
Mt Wellington,Green filter 40kv 8ma,Artefact,CVZ-N,Te Ahumata,AR 4012,197.1,28.8,32.6,142.0,8.8,,,,
Mt Wellington,Green filter 40kv 8ma,Artefact,CVZ-N,Te Ahumata,AR 4013,195.2,26.8,40.3,132.7,9.6,,,,
Mt Wellington,Green filter 40kv 8ma,Artefact,CVZ-N,Te Ahumata,AR 4015a,196.4,31.6,38.6,137.2,11.1,,,,
Mt Wellington,Green filter 40kv 8ma,Artefact,CVZ-N,Te Ahumata,AR 4015b,199.3,23.5,36.6,138.5,10.3,,,,
Mt Wellington,Green filter 40kv 8ma,Artefact,CVZ-N,Te Ahumata,AR 4016a,206.3,28.5,37.6,141.0,10.7,,,,
Mt Wellington,Green filter 40kv 8ma,Artefact,CVZ-N,Te Ahumata,AR 4016b,231.9,28.7,37.1,139.4,10.4,,,,
Mt Wellington,Green filter 40kv 8ma,Artefact,CVZ-N,Te Ahumata,AR 4016c,201.7,26.9,34.7,144.5,7.3,,,,
Mt Wellington,Green filter 40kv 8ma,Artefact,CVZ-N,Te Ahumata,AR 4016d,190.5,25.4,37.4,130.6,7.7,,,,
Mt Wellington,Green filter 40kv 8ma,Artefact,CVZ-N,Te Ahumata,AR 4016e,184.0,25.6,34.8,130.9,10.9,,,,
Mt Wellington,Green filter 40kv 8ma,Artefact,CVZ-N,Te Ahumata,AR 4017a,195.8,25.5,34.5,142.1,8.9,,,,
Mt Wellington,Green filter 40kv 8ma,Artefact,CVZ-N,Te Ahumata,AR 4017b,197.9,24.8,36.8,139.5,12.5,,,,
Mt Wellington,Green filter 40kv 8ma,Artefact,CVZ-N,Te Ahumata,AR 4017d,191.1,25.5,38.0,135.0,9.0,,,,
Mt Wellington,Green filter 40kv 8ma,Artefact,CVZ-N,Te Ahumata,AR 4017e,209.5,26.5,34.9,139.5,7.8,,,,
Mt Wellington,Green filter 40kv 8ma,Artefact,CVZ-N,Te Ahumata,AR 4017h,208.2,27.4,35.8,138.1,9.7,,,,
Mt Wellington,Green filter 40kv 8ma,Artefact,CVZ-N,Te Ahumata,AR 4018a,200.6,29.2,39.0,136.8,11.4,,,,
Mt Wellington,Green filter 40kv 8ma,Artefact,CVZ-N,Te Ahumata,AR 4020a,199.0,35.2,31.6,152.1,12.3,,,,
Mt Wellington,Green filter 40kv 8ma,Artefact,CVZ-N,Te Ahumata,AR 4021a,208.2,28.4,37.6,134.8,7.1,,,,
Mt Wellington,Green filter 40kv 8ma,Artefact,CVZ-N,Te Ahumata,AR 4021b,208.5,25.5,37.2,140.9,10.5,,,,
Mt Wellington,Green filter 40kv 8ma,Artefact,CVZ-N,Te Ahumata,AR 4022a,205.5,35.5,37.7,144.8,9.2,,,,
Mt Wellington,Green filter 40kv 8ma,Artefact,CVZ-N,Te Ahumata,AR 4024,211.9,29.2,35.0,137.8,13.6,,,,
Mt Wellington,Green filter 40kv 8ma,Artefact,CVZ-N,Te Ahumata,AR 4025a,190.6,25.1,35.8,130.3,10.3,,,,
Mt Wellington,Green filter 40kv 8ma,Artefact,CVZ-N,Te Ahumata,AR 4025c,213.5,24.8,35.6,137.7,11.4,,,,
Mt Wellington,Green filter 40kv 8ma,Artefact,CVZ-N,Te Ahumata,AR 4025d,195.0,28.0,37.1,138.6,9.8,,,,
Mt Wellington,Green filter 40kv 8ma,Artefact,CVZ-N,Te Ahumata,AR 4025g,193.7,22.4,32.0,130.3,6.6,,,,
Mt Wellington,Green filter 40kv 8ma,Artefact,CVZ-N,Te Ahumata,AR 4025h,191.4,31.0,29.6,136.8,9.4,,,,
Mt Wellington,Green filter 40kv 8ma,Artefact,CVZ-N,Te Ahumata,AR 4026a,189.7,26.2,36.2,135.4,8.5,,,,
Mt Wellington,Green filter 40kv 8ma,Artefact,CVZ-N,Te Ahumata,AR 4027a,189.1,25.4,33.2,134.6,10.3,,,,
Mt Wellington,Green filter 40kv 8ma,Artefact,CVZ-N,Te Ahumata,AR 4028a,209.8,26.5,36.0,136.8,10.8,,,,
Mt Wellington,Green filter 40kv 8ma,Artefact,CVZ-N,Te Ahumata,AR 4028b,180.7,29.6,33.4,133.8,7.4,,,,
Mt Wellington,Green filter 40kv 8ma,Artefact,CVZ-N,Te Ahumata,AR 4028c,200.4,36.5,33.6,135.7,7.7,,,,
Mt Wellington,Green filter 40kv 8ma,Artefact,CVZ-N,Te Ahumata,AR 4028d,191.2,33.8,32.3,143.2,9.2,,,,
Mt Wellington,Green filter 40kv 8ma,Artefact,CVZ-N,Te Ahumata,AR 4028e,211.7,29.5,38.8,140.4,9.8,,,,
Mt Wellington,Green filter 40kv 8ma,Artefact,CVZ-N,Te Ahumata,AR 4029a,224.1,25.4,36.4,144.0,10.0,,,,
Mt Wellington,Green filter 40kv 8ma,Artefact,CVZ-N,Te Ahumata,AR 4029b,200.4,30.9,28.6,133.8,11.1,,,,
Mt Wellington,Green filter 40kv 8ma,Artefact,CVZ-N,Te Ahumata,AR 4029c,184.4,25.4,39.8,130.4,7.8,,,,
Mt Wellington,Green filter 40kv 8ma,Artefact,CVZ-N,Te Ahumata,AR 4030a,210.2,34.0,31.0,141.8,7.9,,,,
Mt Wellington,Green filter 40kv 8ma,Artefact,CVZ-N,Te Ahumata,AR 4030c,187.4,23.3,35.3,142.3,7.6,,,,
Mt Wellington,Green filter 40kv 8ma,Artefact,CVZ-N,Te Ahumata,AR 4030f,210.8,28.3,36.9,139.7,8.9,,,,
Mt Wellington,Green filter 40kv 8ma,Artefact,CVZ-N,Te Ahumata,AR 4030h,190.8,26.4,37.0,133.2,9.1,,,,
Mt Wellington,Green filter 40kv 8ma,Artefact,CVZ-N,Te Ahumata,AR 4030i,195.7,30.3,31.7,137.7,7.7,,,,
Mt Wellington,Green filter 40kv 8ma,Artefact,CVZ-N,Te Ahumata,AR 4031a,196.7,24.9,31.7,124.9,8.1,,,,
Mt Wellington,Green filter 40kv 8ma,Artefact,CVZ-N,Te Ahumata,AR 4031b,189.2,25.2,35.7,127.0,10.8,,,,
Mt Wellington,Green filter 40kv 8ma,Artefact,CVZ-N,Te Ahumata,AR 4032a,193.0,24.5,34.3,132.2,11.4,,,,
Mt Wellington,Green filter 40kv 8ma,Artefact,CVZ-N,Te Ahumata,AR 4032b,184.1,22.9,35.3,130.0,8.6,,,,
Mt Wellington,Green filter 40kv 8ma,Artefact,CVZ-N,Te Ahumata,AR 4032c,206.3,24.9,39.2,143.9,11.4,,,,
Mt Wellington,Green filter 40kv 8ma,Artefact,CVZ-N,Te Ahumata,AR 4033a,194.5,23.7,36.2,135.4,6.8,,,,
Mt Wellington,Green filter 40kv 8ma,Artefact,CVZ-N,Te Ahumata,AR 4033b,186.5,23.9,33.8,132.9,12.0,,,,
Mt Wellington,Green filter 40kv 8ma,Artefact,CVZ-N,Te Ahumata,AR 4033c,244.0,30.1,39.6,152.4,13.8,,,,
Mt Wellington,Green filter 40kv 8ma,Artefact,CVZ-N,Te Ahumata,AR 4033d,205.7,27.6,40.3,129.9,7.7,,,,
Mt Wellington,Green filter 40kv 8ma,Artefact,CVZ-N,Te Ahumata,AR 4033e,204.1,27.6,37.2,147.7,8.1,,,,
Mt Wellington,Green filter 40kv 8ma,Artefact,CVZ-N,Te Ahumata,AR 4033f,211.0,37.1,36.3,145.5,9.8,,,,
Mt Wellington,Green filter 40kv 8ma,Artefact,CVZ-N,Te Ahumata,AR 4041a,208.2,28.0,38.7,140.8,11.1,,,,
Mt Wellington,Green filter 40kv 8ma,Artefact,CVZ-N,Te Ahumata,AR 4041b,212.5,28.8,39.8,138.2,10.7,,,,
Mt Wellington,Green filter 40kv 8ma,Artefact,CVZ-N,Te Ahumata,AR 4041c,201.6,26.1,40.5,142.2,7.6,,,,
Mt Wellington,Green filter 40kv 8ma,Artefact,CVZ-N,Te Ahumata,AR 4041d,227.9,28.6,37.5,143.3,9.3,,,,
Mt Wellington,Green filter 40kv 8ma,Artefact,CVZ-N,Te Ahumata,AR 4044a,187.0,25.3,38.2,129.5,8.2,,,,
Mt Wellington,Green filter 40kv 8ma,Artefact,CVZ-N,Te Ahumata,AR 4044b,180.0,20.3,30.9,124.2,7.6,,,,
Mt Wellington,Green filter 40kv 8ma,Artefact,CVZ-N,Te Ahumata,AR 4045,206.8,28.6,32.1,140.8,8.5,,,,
Mt Wellington,Green filter 40kv 8ma,Artefact,CVZ-N,Te Ahumata,AR 4048,204.5,29.3,35.2,134.1,10.9,,,,
Mt Wellington,Green filter 40kv 8ma,Artefact,CVZ-N,Te Ahumata,AR 4050a,200.2,33.0,33.6,146.4,10.4,,,,
Mt Wellington,Green filter 40kv 8ma,Artefact,CVZ-N,Te Ahumata,MW 0007b,191.8,25.1,35.6,132.0,9.1,,,,
Mt Wellington,Green filter 40kv 8ma,Artefact,CVZ-N,Te Ahumata,MW 001,187.0,32.1,32.8,138.3,11.2,,,,
Mt Wellington,Green filter 40kv 8ma,Artefact,CVZ-N,Te Ahumata,MW 002a,192.9,23.8,34.5,133.5,9.2,,,,
Mt Wellington,Green filter 40kv 8ma,Artefact,CVZ-N,Te Ahumata,MW 004,180.4,23.5,36.3,131.1,5.6,,,,
Mt Wellington,Green filter 40kv 8ma,Artefact,CVZ-N,Te Ahumata,MW 005,199.8,26.3,39.1,149.6,9.0,,,,
Mt Wellington,Green filter 40kv 8ma,Artefact,CVZ-N,Te Ahumata,MW 006,194.7,30.5,38.1,131.7,10.8,,,,
Mt Wellington,Green filter 40kv 8ma,Artefact,CVZ-N,Te Ahumata,MW 007a,180.3,22.6,31.0,130.6,10.7,,,,
Mt Wellington,Green filter 40kv 8ma,Artefact,CVZ-N,Te Ahumata,MW 007c,206.7,28.8,36.7,136.5,8.1,,,,
Mt Wellington,Green filter 40kv 8ma,Artefact,CVZ-N,Te Ahumata,MW 008a,203.8,34.1,36.7,152.6,11.5,,,,
Mt Wellington,Green filter 40kv 8ma,Artefact,CVZ-N,Te Ahumata,MW 008c,195.1,27.0,34.2,133.7,9.0,,,,
Mt Wellington,Green filter 40kv 8ma,Artefact,CVZ-N,Te Ahumata,MW 009,223.7,30.2,31.6,136.0,8.2,,,,
Mt Wellington,Green filter 40kv 8ma,Artefact,CVZ-N,Te Ahumata,MW 010,193.8,23.0,35.9,137.0,8.3,,,,
Mt Wellington,Green filter 40kv 8ma,Artefact,CVZ-N,Te Ahumata,MW 012,220.3,26.2,38.5,138.9,6.2,,,,
Mt Wellington,Green filter 40kv 8ma,Artefact,CVZ-N,Te Ahumata,MW 014c,210.4,31.6,34.8,141.5,8.4,,,,
Mt Wellington,Green filter 40kv 8ma,Artefact,CVZ-N,Te Ahumata,MW 014f,193.1,29.2,40.7,142.9,9.4,,,,
Mt Wellington,Green filter 40kv 8ma,Artefact,CVZ-N,Te Ahumata,MW 014g,194.7,32.2,31.3,143.2,8.5,,,,
Mt Wellington,Green filter 40kv 8ma,Artefact,CVZ-N,Te Ahumata,MW 014p,195.4,33.4,29.9,137.5,9.8,,,,
Mt Wellington,Green filter 40kv 8ma,Artefact,CVZ-N,Te Ahumata,MW 015,189.7,26.2,34.5,127.3,11.2,,,,
Mt Wellington,Green filter 40kv 8ma,Artefact,CVZ-N,Te Ahumata,MW 016,198.8,27.5,39.4,140.7,8.5,,,,
Mt Wellington,Green filter 40kv 8ma,Artefact,CVZ-N,Te Ahumata,MW 019,218.2,28.2,30.2,137.7,7.8,,,,
Mt Wellington,Green filter 40kv 8ma,Artefact,CVZ-N,Te Ahumata,MW 021,187.0,24.4,35.4,128.7,8.3,,,,
Mt Wellington,Green filter 40kv 8ma,Artefact,CVZ-N,Te Ahumata,MW 025,212.5,26.1,35.8,139.6,11.3,,,,
Mt Wellington,Green filter 40kv 8ma,Artefact,CVZ-N,Te Ahumata,MW 027,209.1,33.4,36.6,153.1,9.9,,,,
Mt Wellington,Green filter 40kv 8ma,Artefact,CVZ-N,Te Ahumata,MW 029,204.7,35.1,30.8,140.5,6.5,,,,

